,year,city_code,product_type,product,destinated_area
0,2018-01-01,0307883b5d063703,pasture,Livestock,
1,2018-01-01,0307883b5d063703,permanent,Açaí,
2,2018-01-01,0307883b5d063703,permanent,Others,
3,2018-01-01,0307883b5d063703,temporary,Cassava,
4,2018-01-01,0307883b5d063703,temporary,Others,
5,2018-01-01,03e477d4ede00e89,pasture,Livestock,
6,2018-01-01,03e477d4ede00e89,permanent,Others,
7,2018-01-01,03e477d4ede00e89,temporary,Beans,
8,2018-01-01,03e477d4ede00e89,temporary,Cassava,
9,2018-01-01,03e477d4ede00e89,temporary,Corn,
10,2018-01-01,051e9cc7d7636816,pasture,Livestock,
11,2018-01-01,051e9cc7d7636816,permanent,Açaí,
12,2018-01-01,051e9cc7d7636816,permanent,Cocoa,
13,2018-01-01,051e9cc7d7636816,permanent,Others,
14,2018-01-01,051e9cc7d7636816,temporary,Beans,
15,2018-01-01,051e9cc7d7636816,temporary,Cassava,
16,2018-01-01,051e9cc7d7636816,temporary,Corn,
17,2018-01-01,051e9cc7d7636816,temporary,Others,
18,2018-01-01,051e9cc7d7636816,temporary,Rice,
19,2018-01-01,062ce4c17e84291e,pasture,Livestock,
20,2018-01-01,062ce4c17e84291e,permanent,Others,
21,2018-01-01,074590cfc1c41ebf,pasture,Livestock,
22,2018-01-01,074590cfc1c41ebf,permanent,Açaí,
23,2018-01-01,074590cfc1c41ebf,permanent,Cocoa,
24,2018-01-01,074590cfc1c41ebf,permanent,Others,
25,2018-01-01,074590cfc1c41ebf,temporary,Beans,
26,2018-01-01,074590cfc1c41ebf,temporary,Cassava,
27,2018-01-01,074590cfc1c41ebf,temporary,Corn,
28,2018-01-01,074590cfc1c41ebf,temporary,Others,
29,2018-01-01,074590cfc1c41ebf,temporary,Rice,
30,2018-01-01,074590cfc1c41ebf,temporary,Soy,
31,2018-01-01,07bba1a59af78f2d,pasture,Livestock,
32,2018-01-01,07bba1a59af78f2d,permanent,Açaí,
33,2018-01-01,07bba1a59af78f2d,permanent,Others,
34,2018-01-01,07bba1a59af78f2d,permanent,Palm oil,
35,2018-01-01,07bba1a59af78f2d,temporary,Beans,
36,2018-01-01,07bba1a59af78f2d,temporary,Cassava,
37,2018-01-01,07bba1a59af78f2d,temporary,Corn,
38,2018-01-01,07bba1a59af78f2d,temporary,Rice,
39,2018-01-01,07ce2e79e19977e9,pasture,Livestock,
40,2018-01-01,07ce2e79e19977e9,permanent,Others,
41,2018-01-01,07ce2e79e19977e9,temporary,Cassava,
42,2018-01-01,07ce2e79e19977e9,temporary,Corn,
43,2018-01-01,07ce2e79e19977e9,temporary,Others,
44,2018-01-01,07ed828db19fe8ca,pasture,Livestock,
45,2018-01-01,07ed828db19fe8ca,permanent,Others,
46,2018-01-01,07ed828db19fe8ca,temporary,Beans,
47,2018-01-01,07ed828db19fe8ca,temporary,Cassava,
48,2018-01-01,07ed828db19fe8ca,temporary,Corn,
49,2018-01-01,07ed828db19fe8ca,temporary,Rice,
50,2018-01-01,09791645137aa877,pasture,Livestock,
51,2018-01-01,09791645137aa877,permanent,Others,
52,2018-01-01,0dcbfaab30eb40c1,pasture,Livestock,
53,2018-01-01,0dcbfaab30eb40c1,permanent,Açaí,
54,2018-01-01,0dcbfaab30eb40c1,permanent,Others,
55,2018-01-01,0dcbfaab30eb40c1,temporary,Beans,
56,2018-01-01,0dcbfaab30eb40c1,temporary,Cassava,
57,2018-01-01,0dcbfaab30eb40c1,temporary,Corn,
58,2018-01-01,0dcbfaab30eb40c1,temporary,Others,
59,2018-01-01,0dcbfaab30eb40c1,temporary,Rice,
60,2018-01-01,0ea136556d12fc16,pasture,Livestock,
61,2018-01-01,0ea136556d12fc16,permanent,Cocoa,
62,2018-01-01,0ea136556d12fc16,permanent,Others,
63,2018-01-01,0ea136556d12fc16,temporary,Beans,
64,2018-01-01,0ea136556d12fc16,temporary,Cassava,
65,2018-01-01,0ea136556d12fc16,temporary,Corn,
66,2018-01-01,0ea136556d12fc16,temporary,Others,
67,2018-01-01,0ea136556d12fc16,temporary,Rice,
68,2018-01-01,1096f26c5a236d0b,pasture,Livestock,
69,2018-01-01,1096f26c5a236d0b,permanent,Others,
70,2018-01-01,1096f26c5a236d0b,temporary,Beans,
71,2018-01-01,1096f26c5a236d0b,temporary,Cassava,
72,2018-01-01,1096f26c5a236d0b,temporary,Corn,
73,2018-01-01,10973d6049af898b,pasture,Livestock,
74,2018-01-01,10973d6049af898b,permanent,Açaí,
75,2018-01-01,10973d6049af898b,permanent,Others,
76,2018-01-01,10973d6049af898b,temporary,Beans,
77,2018-01-01,10973d6049af898b,temporary,Cassava,
78,2018-01-01,10973d6049af898b,temporary,Corn,
79,2018-01-01,10973d6049af898b,temporary,Others,
80,2018-01-01,10973d6049af898b,temporary,Rice,
81,2018-01-01,10973d6049af898b,temporary,Soy,
82,2018-01-01,114487007645c940,pasture,Livestock,
83,2018-01-01,114487007645c940,permanent,Others,
84,2018-01-01,114487007645c940,temporary,Beans,
85,2018-01-01,114487007645c940,temporary,Cassava,
86,2018-01-01,114487007645c940,temporary,Corn,
87,2018-01-01,11645a57d3a1d507,pasture,Livestock,
88,2018-01-01,11645a57d3a1d507,permanent,Açaí,
89,2018-01-01,11645a57d3a1d507,permanent,Cocoa,
90,2018-01-01,11645a57d3a1d507,permanent,Others,
91,2018-01-01,11645a57d3a1d507,permanent,Palm oil,
92,2018-01-01,11645a57d3a1d507,temporary,Beans,
93,2018-01-01,11645a57d3a1d507,temporary,Cassava,
94,2018-01-01,11645a57d3a1d507,temporary,Corn,
95,2018-01-01,11645a57d3a1d507,temporary,Others,
96,2018-01-01,11b6622567f98f3b,pasture,Livestock,
97,2018-01-01,11b6622567f98f3b,permanent,Others,
98,2018-01-01,11b6622567f98f3b,permanent,Palm oil,
99,2018-01-01,11b6622567f98f3b,temporary,Beans,
100,2018-01-01,11b6622567f98f3b,temporary,Cassava,
101,2018-01-01,11b6622567f98f3b,temporary,Corn,
102,2018-01-01,13804a196311e1ba,pasture,Livestock,
103,2018-01-01,13804a196311e1ba,permanent,Açaí,
104,2018-01-01,13804a196311e1ba,permanent,Cocoa,
105,2018-01-01,13804a196311e1ba,permanent,Others,
106,2018-01-01,13804a196311e1ba,temporary,Beans,
107,2018-01-01,13804a196311e1ba,temporary,Cassava,
108,2018-01-01,13804a196311e1ba,temporary,Corn,
109,2018-01-01,13804a196311e1ba,temporary,Others,
110,2018-01-01,13804a196311e1ba,temporary,Rice,
111,2018-01-01,164c8953d3af2bbe,pasture,Livestock,
112,2018-01-01,164c8953d3af2bbe,permanent,Açaí,
113,2018-01-01,164c8953d3af2bbe,permanent,Cocoa,
114,2018-01-01,164c8953d3af2bbe,permanent,Others,
115,2018-01-01,164c8953d3af2bbe,temporary,Beans,
116,2018-01-01,164c8953d3af2bbe,temporary,Cassava,
117,2018-01-01,164c8953d3af2bbe,temporary,Corn,
118,2018-01-01,164c8953d3af2bbe,temporary,Rice,
119,2018-01-01,18e37d24ff8517ef,pasture,Livestock,
120,2018-01-01,18e37d24ff8517ef,permanent,Others,
121,2018-01-01,18e37d24ff8517ef,temporary,Beans,
122,2018-01-01,18e37d24ff8517ef,temporary,Cassava,
123,2018-01-01,18e37d24ff8517ef,temporary,Corn,
124,2018-01-01,18e37d24ff8517ef,temporary,Others,
125,2018-01-01,18e37d24ff8517ef,temporary,Rice,
126,2018-01-01,18fb5197aa553b9c,pasture,Livestock,
127,2018-01-01,18fb5197aa553b9c,permanent,Others,
128,2018-01-01,18fb5197aa553b9c,temporary,Cassava,
129,2018-01-01,18fb5197aa553b9c,temporary,Corn,
130,2018-01-01,18fb5197aa553b9c,temporary,Others,
131,2018-01-01,1bd7145ed1da044a,pasture,Livestock,
132,2018-01-01,1bd7145ed1da044a,permanent,Açaí,
133,2018-01-01,1bd7145ed1da044a,permanent,Cocoa,
134,2018-01-01,1bd7145ed1da044a,permanent,Others,
135,2018-01-01,1bd7145ed1da044a,temporary,Beans,
136,2018-01-01,1bd7145ed1da044a,temporary,Cassava,
137,2018-01-01,1bd7145ed1da044a,temporary,Corn,
138,2018-01-01,1bd7145ed1da044a,temporary,Others,
139,2018-01-01,1bd7145ed1da044a,temporary,Rice,
140,2018-01-01,1bd7145ed1da044a,temporary,Soy,
141,2018-01-01,1d8a692643f9a15a,pasture,Livestock,
142,2018-01-01,1d8a692643f9a15a,permanent,Açaí,
143,2018-01-01,1d8a692643f9a15a,permanent,Cocoa,
144,2018-01-01,1d8a692643f9a15a,permanent,Others,
145,2018-01-01,1d8a692643f9a15a,temporary,Beans,
146,2018-01-01,1d8a692643f9a15a,temporary,Cassava,
147,2018-01-01,1d8a692643f9a15a,temporary,Corn,
148,2018-01-01,1d8a692643f9a15a,temporary,Others,
149,2018-01-01,1d8a692643f9a15a,temporary,Rice,
150,2018-01-01,20589298110cd872,pasture,Livestock,
151,2018-01-01,20589298110cd872,permanent,Açaí,
152,2018-01-01,20589298110cd872,permanent,Others,
153,2018-01-01,20589298110cd872,temporary,Beans,
154,2018-01-01,20589298110cd872,temporary,Cassava,
155,2018-01-01,20589298110cd872,temporary,Corn,
156,2018-01-01,20589298110cd872,temporary,Others,
157,2018-01-01,20589298110cd872,temporary,Rice,
158,2018-01-01,20589298110cd872,temporary,Soy,
159,2018-01-01,205ccde9be499e17,pasture,Livestock,
160,2018-01-01,205ccde9be499e17,permanent,Açaí,
161,2018-01-01,205ccde9be499e17,permanent,Cocoa,
162,2018-01-01,205ccde9be499e17,permanent,Others,
163,2018-01-01,205ccde9be499e17,permanent,Palm oil,
164,2018-01-01,205ccde9be499e17,temporary,Beans,
165,2018-01-01,205ccde9be499e17,temporary,Cassava,
166,2018-01-01,205ccde9be499e17,temporary,Corn,
167,2018-01-01,205ccde9be499e17,temporary,Others,
168,2018-01-01,205ccde9be499e17,temporary,Rice,
169,2018-01-01,20e241460ce4140d,pasture,Livestock,
170,2018-01-01,20e241460ce4140d,permanent,Açaí,
171,2018-01-01,20e241460ce4140d,permanent,Others,
172,2018-01-01,20e241460ce4140d,temporary,Cassava,
173,2018-01-01,20e241460ce4140d,temporary,Others,
174,2018-01-01,2631530645ac2ec8,pasture,Livestock,
175,2018-01-01,2631530645ac2ec8,permanent,Açaí,
176,2018-01-01,2631530645ac2ec8,permanent,Cocoa,
177,2018-01-01,2631530645ac2ec8,permanent,Others,
178,2018-01-01,2631530645ac2ec8,permanent,Palm oil,
179,2018-01-01,2631530645ac2ec8,temporary,Beans,
180,2018-01-01,2631530645ac2ec8,temporary,Cassava,
181,2018-01-01,2631530645ac2ec8,temporary,Corn,
182,2018-01-01,2a6b10e6e68be90e,pasture,Livestock,
183,2018-01-01,2a6b10e6e68be90e,permanent,Açaí,
184,2018-01-01,2a6b10e6e68be90e,permanent,Cocoa,
185,2018-01-01,2a6b10e6e68be90e,permanent,Others,
186,2018-01-01,2a6b10e6e68be90e,temporary,Beans,
187,2018-01-01,2a6b10e6e68be90e,temporary,Cassava,
188,2018-01-01,2a6b10e6e68be90e,temporary,Corn,
189,2018-01-01,2a6b10e6e68be90e,temporary,Others,
190,2018-01-01,2a6b10e6e68be90e,temporary,Soy,
191,2018-01-01,2ad055c7757d499d,pasture,Livestock,
192,2018-01-01,2ad055c7757d499d,permanent,Açaí,
193,2018-01-01,2ad055c7757d499d,permanent,Cocoa,
194,2018-01-01,2ad055c7757d499d,permanent,Others,
195,2018-01-01,2ad055c7757d499d,permanent,Palm oil,
196,2018-01-01,2ad055c7757d499d,temporary,Beans,
197,2018-01-01,2ad055c7757d499d,temporary,Cassava,
198,2018-01-01,2ad055c7757d499d,temporary,Corn,
199,2018-01-01,2ad055c7757d499d,temporary,Rice,
200,2018-01-01,351174f21316c2f0,pasture,Livestock,
201,2018-01-01,351174f21316c2f0,permanent,Açaí,
202,2018-01-01,351174f21316c2f0,permanent,Others,
203,2018-01-01,351174f21316c2f0,temporary,Beans,
204,2018-01-01,351174f21316c2f0,temporary,Cassava,
205,2018-01-01,351174f21316c2f0,temporary,Others,
206,2018-01-01,351bc0cbcce79ec9,pasture,Livestock,
207,2018-01-01,351bc0cbcce79ec9,permanent,Açaí,
208,2018-01-01,351bc0cbcce79ec9,permanent,Cocoa,
209,2018-01-01,351bc0cbcce79ec9,permanent,Others,
210,2018-01-01,351bc0cbcce79ec9,temporary,Beans,
211,2018-01-01,351bc0cbcce79ec9,temporary,Cassava,
212,2018-01-01,351bc0cbcce79ec9,temporary,Corn,
213,2018-01-01,351bc0cbcce79ec9,temporary,Rice,
214,2018-01-01,3a5d0e5eb1691b38,pasture,Livestock,
215,2018-01-01,3a5d0e5eb1691b38,permanent,Açaí,
216,2018-01-01,3a5d0e5eb1691b38,permanent,Others,
217,2018-01-01,3a5d0e5eb1691b38,temporary,Beans,
218,2018-01-01,3a5d0e5eb1691b38,temporary,Cassava,
219,2018-01-01,3a5d0e5eb1691b38,temporary,Corn,
220,2018-01-01,3a5d0e5eb1691b38,temporary,Others,
221,2018-01-01,3a5d0e5eb1691b38,temporary,Rice,
222,2018-01-01,3a8618990d23351f,pasture,Livestock,
223,2018-01-01,3a8618990d23351f,permanent,Others,
224,2018-01-01,3a8618990d23351f,temporary,Beans,
225,2018-01-01,3a8618990d23351f,temporary,Cassava,
226,2018-01-01,3a8618990d23351f,temporary,Corn,
227,2018-01-01,3a8618990d23351f,temporary,Rice,
228,2018-01-01,3cf541a13002d37b,pasture,Livestock,
229,2018-01-01,3cf541a13002d37b,permanent,Açaí,
230,2018-01-01,3cf541a13002d37b,permanent,Others,
231,2018-01-01,3cf541a13002d37b,temporary,Beans,
232,2018-01-01,3cf541a13002d37b,temporary,Cassava,
233,2018-01-01,3cf541a13002d37b,temporary,Corn,
234,2018-01-01,3cf541a13002d37b,temporary,Rice,
235,2018-01-01,3fdbc27a4bed0deb,pasture,Livestock,
236,2018-01-01,3fdbc27a4bed0deb,permanent,Açaí,
237,2018-01-01,3fdbc27a4bed0deb,permanent,Cocoa,
238,2018-01-01,3fdbc27a4bed0deb,permanent,Others,
239,2018-01-01,3fdbc27a4bed0deb,temporary,Beans,
240,2018-01-01,3fdbc27a4bed0deb,temporary,Cassava,
241,2018-01-01,3fdbc27a4bed0deb,temporary,Corn,
242,2018-01-01,3fdbc27a4bed0deb,temporary,Rice,
243,2018-01-01,40abcc3eff7bcf73,pasture,Livestock,
244,2018-01-01,40abcc3eff7bcf73,permanent,Others,
245,2018-01-01,40abcc3eff7bcf73,temporary,Beans,
246,2018-01-01,40abcc3eff7bcf73,temporary,Cassava,
247,2018-01-01,40abcc3eff7bcf73,temporary,Corn,
248,2018-01-01,40abcc3eff7bcf73,temporary,Others,
249,2018-01-01,40abcc3eff7bcf73,temporary,Rice,
250,2018-01-01,41e0f8ccfe523e0d,pasture,Livestock,
251,2018-01-01,41e0f8ccfe523e0d,permanent,Açaí,
252,2018-01-01,41e0f8ccfe523e0d,permanent,Others,
253,2018-01-01,41e0f8ccfe523e0d,permanent,Palm oil,
254,2018-01-01,41e0f8ccfe523e0d,temporary,Beans,
255,2018-01-01,41e0f8ccfe523e0d,temporary,Cassava,
256,2018-01-01,41e0f8ccfe523e0d,temporary,Corn,
257,2018-01-01,41e0f8ccfe523e0d,temporary,Others,
258,2018-01-01,41e0f8ccfe523e0d,temporary,Rice,
259,2018-01-01,437130e27b6165ec,pasture,Livestock,
260,2018-01-01,437130e27b6165ec,permanent,Açaí,
261,2018-01-01,437130e27b6165ec,permanent,Others,
262,2018-01-01,437130e27b6165ec,temporary,Beans,
263,2018-01-01,437130e27b6165ec,temporary,Cassava,
264,2018-01-01,437130e27b6165ec,temporary,Corn,
265,2018-01-01,437130e27b6165ec,temporary,Others,
266,2018-01-01,437130e27b6165ec,temporary,Rice,
267,2018-01-01,44d800c11a5f3bfa,pasture,Livestock,
268,2018-01-01,44d800c11a5f3bfa,permanent,Açaí,
269,2018-01-01,44d800c11a5f3bfa,permanent,Cocoa,
270,2018-01-01,44d800c11a5f3bfa,permanent,Others,
271,2018-01-01,44d800c11a5f3bfa,temporary,Cassava,
272,2018-01-01,44d800c11a5f3bfa,temporary,Corn,
273,2018-01-01,44d800c11a5f3bfa,temporary,Rice,
274,2018-01-01,47564ef7b8c69829,pasture,Livestock,
275,2018-01-01,47564ef7b8c69829,permanent,Cocoa,
276,2018-01-01,47564ef7b8c69829,permanent,Others,
277,2018-01-01,47564ef7b8c69829,temporary,Beans,
278,2018-01-01,47564ef7b8c69829,temporary,Cassava,
279,2018-01-01,47564ef7b8c69829,temporary,Corn,
280,2018-01-01,47564ef7b8c69829,temporary,Others,
281,2018-01-01,47564ef7b8c69829,temporary,Rice,
282,2018-01-01,480b0f80325080af,pasture,Livestock,
283,2018-01-01,480b0f80325080af,permanent,Cocoa,
284,2018-01-01,480b0f80325080af,permanent,Others,
285,2018-01-01,480b0f80325080af,temporary,Beans,
286,2018-01-01,480b0f80325080af,temporary,Cassava,
287,2018-01-01,480b0f80325080af,temporary,Corn,
288,2018-01-01,480b0f80325080af,temporary,Others,
289,2018-01-01,480b0f80325080af,temporary,Rice,
290,2018-01-01,480b0f80325080af,temporary,Soy,
291,2018-01-01,4b530007d167bd54,pasture,Livestock,
292,2018-01-01,4b530007d167bd54,permanent,Açaí,
293,2018-01-01,4b530007d167bd54,permanent,Others,
294,2018-01-01,4b530007d167bd54,temporary,Beans,
295,2018-01-01,4b530007d167bd54,temporary,Cassava,
296,2018-01-01,4b530007d167bd54,temporary,Corn,
297,2018-01-01,4b530007d167bd54,temporary,Others,
298,2018-01-01,4b530007d167bd54,temporary,Rice,
299,2018-01-01,4c4428f2e4550a5a,pasture,Livestock,
300,2018-01-01,4c4428f2e4550a5a,permanent,Açaí,
301,2018-01-01,4c4428f2e4550a5a,permanent,Others,
302,2018-01-01,4c4428f2e4550a5a,temporary,Beans,
303,2018-01-01,4c4428f2e4550a5a,temporary,Cassava,
304,2018-01-01,4c4428f2e4550a5a,temporary,Corn,
305,2018-01-01,4c4428f2e4550a5a,temporary,Others,
306,2018-01-01,4c4428f2e4550a5a,temporary,Rice,
307,2018-01-01,4de42e351006a2ae,pasture,Livestock,
308,2018-01-01,505ceb6546aa8435,pasture,Livestock,
309,2018-01-01,505ceb6546aa8435,permanent,Açaí,
310,2018-01-01,505ceb6546aa8435,permanent,Others,
311,2018-01-01,505ceb6546aa8435,permanent,Palm oil,
312,2018-01-01,50a2afbdc678a65f,pasture,Livestock,
313,2018-01-01,50a2afbdc678a65f,permanent,Cocoa,
314,2018-01-01,50a2afbdc678a65f,permanent,Others,
315,2018-01-01,50a2afbdc678a65f,temporary,Beans,
316,2018-01-01,50a2afbdc678a65f,temporary,Cassava,
317,2018-01-01,50a2afbdc678a65f,temporary,Corn,
318,2018-01-01,50a2afbdc678a65f,temporary,Others,
319,2018-01-01,51db62cb09adc2e8,pasture,Livestock,
320,2018-01-01,51db62cb09adc2e8,permanent,Others,
321,2018-01-01,51db62cb09adc2e8,temporary,Beans,
322,2018-01-01,51db62cb09adc2e8,temporary,Cassava,
323,2018-01-01,51db62cb09adc2e8,temporary,Corn,
324,2018-01-01,51db62cb09adc2e8,temporary,Others,
325,2018-01-01,51db62cb09adc2e8,temporary,Rice,
326,2018-01-01,51db62cb09adc2e8,temporary,Soy,
327,2018-01-01,5214b514b5b440be,pasture,Livestock,
328,2018-01-01,5214b514b5b440be,permanent,Açaí,
329,2018-01-01,5214b514b5b440be,permanent,Others,
330,2018-01-01,5214b514b5b440be,temporary,Beans,
331,2018-01-01,5214b514b5b440be,temporary,Cassava,
332,2018-01-01,5214b514b5b440be,temporary,Corn,
333,2018-01-01,5214b514b5b440be,temporary,Others,
334,2018-01-01,5214b514b5b440be,temporary,Rice,
335,2018-01-01,56aa50429893f5ca,pasture,Livestock,
336,2018-01-01,56aa50429893f5ca,permanent,Others,
337,2018-01-01,56aa50429893f5ca,temporary,Beans,
338,2018-01-01,56aa50429893f5ca,temporary,Cassava,
339,2018-01-01,56aa50429893f5ca,temporary,Corn,
340,2018-01-01,56aa50429893f5ca,temporary,Rice,
341,2018-01-01,588162e9cdf5d66d,pasture,Livestock,
342,2018-01-01,588162e9cdf5d66d,permanent,Açaí,
343,2018-01-01,588162e9cdf5d66d,permanent,Others,
344,2018-01-01,588162e9cdf5d66d,temporary,Beans,
345,2018-01-01,588162e9cdf5d66d,temporary,Cassava,
346,2018-01-01,588162e9cdf5d66d,temporary,Corn,
347,2018-01-01,588162e9cdf5d66d,temporary,Others,
348,2018-01-01,588162e9cdf5d66d,temporary,Rice,
349,2018-01-01,588162e9cdf5d66d,temporary,Sorghum,
350,2018-01-01,588162e9cdf5d66d,temporary,Soy,
351,2018-01-01,5b3728d86ce29fd2,pasture,Livestock,
352,2018-01-01,5b3728d86ce29fd2,permanent,Açaí,
353,2018-01-01,5b3728d86ce29fd2,permanent,Others,
354,2018-01-01,5b3728d86ce29fd2,temporary,Beans,
355,2018-01-01,5b3728d86ce29fd2,temporary,Cassava,
356,2018-01-01,5b3728d86ce29fd2,temporary,Corn,
357,2018-01-01,5b6072f8f6d37acc,pasture,Livestock,
358,2018-01-01,5b6072f8f6d37acc,permanent,Açaí,
359,2018-01-01,5b6072f8f6d37acc,permanent,Cocoa,
360,2018-01-01,5b6072f8f6d37acc,permanent,Others,
361,2018-01-01,5b6072f8f6d37acc,temporary,Beans,
362,2018-01-01,5b6072f8f6d37acc,temporary,Cassava,
363,2018-01-01,5b6072f8f6d37acc,temporary,Corn,
364,2018-01-01,5b6072f8f6d37acc,temporary,Others,
365,2018-01-01,5b6072f8f6d37acc,temporary,Rice,
366,2018-01-01,5e1e131ec84f4c87,pasture,Livestock,
367,2018-01-01,5e1e131ec84f4c87,permanent,Others,
368,2018-01-01,5e1e131ec84f4c87,temporary,Beans,
369,2018-01-01,5e1e131ec84f4c87,temporary,Cassava,
370,2018-01-01,5e1e131ec84f4c87,temporary,Corn,
371,2018-01-01,5e1e131ec84f4c87,temporary,Rice,
372,2018-01-01,5e7093a1cd2a8779,pasture,Livestock,
373,2018-01-01,5e7093a1cd2a8779,permanent,Others,
374,2018-01-01,5e7093a1cd2a8779,temporary,Beans,
375,2018-01-01,5e7093a1cd2a8779,temporary,Cassava,
376,2018-01-01,5e7093a1cd2a8779,temporary,Corn,
377,2018-01-01,5e7093a1cd2a8779,temporary,Others,
378,2018-01-01,5e7093a1cd2a8779,temporary,Rice,
379,2018-01-01,60982e0f7928740a,pasture,Livestock,
380,2018-01-01,60982e0f7928740a,permanent,Açaí,
381,2018-01-01,60982e0f7928740a,permanent,Others,
382,2018-01-01,60982e0f7928740a,permanent,Palm oil,
383,2018-01-01,60982e0f7928740a,temporary,Beans,
384,2018-01-01,60982e0f7928740a,temporary,Cassava,
385,2018-01-01,60982e0f7928740a,temporary,Corn,
386,2018-01-01,60982e0f7928740a,temporary,Others,
387,2018-01-01,617532f74ef8ed73,pasture,Livestock,
388,2018-01-01,617532f74ef8ed73,permanent,Açaí,
389,2018-01-01,617532f74ef8ed73,permanent,Cocoa,
390,2018-01-01,617532f74ef8ed73,permanent,Others,
391,2018-01-01,617532f74ef8ed73,temporary,Beans,
392,2018-01-01,617532f74ef8ed73,temporary,Cassava,
393,2018-01-01,617532f74ef8ed73,temporary,Corn,
394,2018-01-01,617532f74ef8ed73,temporary,Others,
395,2018-01-01,617532f74ef8ed73,temporary,Rice,
396,2018-01-01,6471ede39ca61b39,pasture,Livestock,
397,2018-01-01,6471ede39ca61b39,permanent,Açaí,
398,2018-01-01,6471ede39ca61b39,permanent,Others,
399,2018-01-01,6471ede39ca61b39,temporary,Cassava,
400,2018-01-01,6471ede39ca61b39,temporary,Corn,
401,2018-01-01,6471ede39ca61b39,temporary,Others,
402,2018-01-01,6471ede39ca61b39,temporary,Rice,
403,2018-01-01,64a227aa24370b17,pasture,Livestock,
404,2018-01-01,64a227aa24370b17,permanent,Cocoa,
405,2018-01-01,64a227aa24370b17,permanent,Others,
406,2018-01-01,64a227aa24370b17,temporary,Beans,
407,2018-01-01,64a227aa24370b17,temporary,Cassava,
408,2018-01-01,64a227aa24370b17,temporary,Corn,
409,2018-01-01,64a227aa24370b17,temporary,Others,
410,2018-01-01,66fdcb391ed58d3d,pasture,Livestock,
411,2018-01-01,66fdcb391ed58d3d,permanent,Others,
412,2018-01-01,66fdcb391ed58d3d,temporary,Beans,
413,2018-01-01,66fdcb391ed58d3d,temporary,Cassava,
414,2018-01-01,66fdcb391ed58d3d,temporary,Corn,
415,2018-01-01,66fdcb391ed58d3d,temporary,Others,
416,2018-01-01,68f01d67ad163f32,pasture,Livestock,
417,2018-01-01,68f01d67ad163f32,permanent,Açaí,
418,2018-01-01,68f01d67ad163f32,permanent,Cocoa,
419,2018-01-01,68f01d67ad163f32,permanent,Others,
420,2018-01-01,68f01d67ad163f32,temporary,Cassava,
421,2018-01-01,68f01d67ad163f32,temporary,Corn,
422,2018-01-01,68f01d67ad163f32,temporary,Rice,
423,2018-01-01,6a7b8c3ab2bc6c38,pasture,Livestock,
424,2018-01-01,6a7b8c3ab2bc6c38,permanent,Others,
425,2018-01-01,6a7b8c3ab2bc6c38,temporary,Beans,
426,2018-01-01,6a7b8c3ab2bc6c38,temporary,Cassava,
427,2018-01-01,6a7b8c3ab2bc6c38,temporary,Corn,
428,2018-01-01,6cce2bf873870afc,pasture,Livestock,
429,2018-01-01,6cce2bf873870afc,permanent,Açaí,
430,2018-01-01,6cce2bf873870afc,permanent,Cocoa,
431,2018-01-01,6cce2bf873870afc,permanent,Others,
432,2018-01-01,6cce2bf873870afc,permanent,Palm oil,
433,2018-01-01,6cce2bf873870afc,temporary,Beans,
434,2018-01-01,6cce2bf873870afc,temporary,Cassava,
435,2018-01-01,6cce2bf873870afc,temporary,Corn,
436,2018-01-01,6cce2bf873870afc,temporary,Rice,
437,2018-01-01,6f911ef231b0efa7,pasture,Livestock,
438,2018-01-01,6f911ef231b0efa7,permanent,Others,
439,2018-01-01,6f911ef231b0efa7,temporary,Cassava,
440,2018-01-01,6f911ef231b0efa7,temporary,Corn,
441,2018-01-01,6f911ef231b0efa7,temporary,Others,
442,2018-01-01,6f911ef231b0efa7,temporary,Rice,
443,2018-01-01,6f911ef231b0efa7,temporary,Soy,
444,2018-01-01,70a4c62beba3c168,pasture,Livestock,
445,2018-01-01,70a4c62beba3c168,permanent,Açaí,
446,2018-01-01,70a4c62beba3c168,permanent,Cocoa,
447,2018-01-01,70a4c62beba3c168,permanent,Others,
448,2018-01-01,70a4c62beba3c168,permanent,Palm oil,
449,2018-01-01,70a4c62beba3c168,temporary,Beans,
450,2018-01-01,70a4c62beba3c168,temporary,Cassava,
451,2018-01-01,70a4c62beba3c168,temporary,Corn,
452,2018-01-01,70a4c62beba3c168,temporary,Others,
453,2018-01-01,70a4c62beba3c168,temporary,Rice,
454,2018-01-01,71975b563db10671,pasture,Livestock,
455,2018-01-01,71975b563db10671,permanent,Cocoa,
456,2018-01-01,71975b563db10671,permanent,Others,
457,2018-01-01,71975b563db10671,temporary,Beans,
458,2018-01-01,71975b563db10671,temporary,Cassava,
459,2018-01-01,71975b563db10671,temporary,Corn,
460,2018-01-01,71975b563db10671,temporary,Rice,
461,2018-01-01,72b65b337fc5302a,pasture,Livestock,
462,2018-01-01,72b65b337fc5302a,permanent,Açaí,
463,2018-01-01,72b65b337fc5302a,permanent,Others,
464,2018-01-01,72b65b337fc5302a,temporary,Beans,
465,2018-01-01,72b65b337fc5302a,temporary,Cassava,
466,2018-01-01,72b65b337fc5302a,temporary,Others,
467,2018-01-01,746cc42bfb8f6b62,pasture,Livestock,
468,2018-01-01,746cc42bfb8f6b62,permanent,Others,
469,2018-01-01,746cc42bfb8f6b62,temporary,Beans,
470,2018-01-01,746cc42bfb8f6b62,temporary,Cassava,
471,2018-01-01,746cc42bfb8f6b62,temporary,Corn,
472,2018-01-01,746cc42bfb8f6b62,temporary,Rice,
473,2018-01-01,74d75dde6dc4a5ec,pasture,Livestock,
474,2018-01-01,74d75dde6dc4a5ec,permanent,Açaí,
475,2018-01-01,74d75dde6dc4a5ec,permanent,Others,
476,2018-01-01,74d75dde6dc4a5ec,temporary,Beans,
477,2018-01-01,74d75dde6dc4a5ec,temporary,Cassava,
478,2018-01-01,74d75dde6dc4a5ec,temporary,Corn,
479,2018-01-01,74d75dde6dc4a5ec,temporary,Others,
480,2018-01-01,74d75dde6dc4a5ec,temporary,Rice,
481,2018-01-01,764cd56389d50070,pasture,Livestock,
482,2018-01-01,764cd56389d50070,permanent,Others,
483,2018-01-01,764cd56389d50070,temporary,Beans,
484,2018-01-01,764cd56389d50070,temporary,Cassava,
485,2018-01-01,764cd56389d50070,temporary,Corn,
486,2018-01-01,764cd56389d50070,temporary,Others,
487,2018-01-01,764cd56389d50070,temporary,Rice,
488,2018-01-01,773cbe24d8fc9fea,pasture,Livestock,
489,2018-01-01,77c880feff17c521,pasture,Livestock,
490,2018-01-01,77c880feff17c521,permanent,Açaí,
491,2018-01-01,77c880feff17c521,permanent,Cocoa,
492,2018-01-01,77c880feff17c521,permanent,Others,
493,2018-01-01,77c880feff17c521,temporary,Beans,
494,2018-01-01,77c880feff17c521,temporary,Cassava,
495,2018-01-01,77c880feff17c521,temporary,Corn,
496,2018-01-01,77c880feff17c521,temporary,Others,
497,2018-01-01,77c880feff17c521,temporary,Rice,
498,2018-01-01,77c880feff17c521,temporary,Soy,
499,2018-01-01,782568ced6ad8838,pasture,Livestock,
500,2018-01-01,782568ced6ad8838,permanent,Others,
501,2018-01-01,782568ced6ad8838,temporary,Beans,
502,2018-01-01,782568ced6ad8838,temporary,Cassava,
503,2018-01-01,782568ced6ad8838,temporary,Corn,
504,2018-01-01,782568ced6ad8838,temporary,Others,
505,2018-01-01,782568ced6ad8838,temporary,Rice,
506,2018-01-01,782568ced6ad8838,temporary,Soy,
507,2018-01-01,783dbed4df67af9f,pasture,Livestock,
508,2018-01-01,783dbed4df67af9f,permanent,Cocoa,
509,2018-01-01,783dbed4df67af9f,permanent,Others,
510,2018-01-01,783dbed4df67af9f,temporary,Beans,
511,2018-01-01,783dbed4df67af9f,temporary,Cassava,
512,2018-01-01,783dbed4df67af9f,temporary,Corn,
513,2018-01-01,783dbed4df67af9f,temporary,Others,
514,2018-01-01,783dbed4df67af9f,temporary,Rice,
515,2018-01-01,783dbed4df67af9f,temporary,Soy,
516,2018-01-01,7926ffd2861f8dbc,pasture,Livestock,
517,2018-01-01,7926ffd2861f8dbc,permanent,Others,
518,2018-01-01,7926ffd2861f8dbc,temporary,Beans,
519,2018-01-01,7926ffd2861f8dbc,temporary,Cassava,
520,2018-01-01,7926ffd2861f8dbc,temporary,Corn,
521,2018-01-01,7926ffd2861f8dbc,temporary,Others,
522,2018-01-01,7b95e27ce402e6e5,pasture,Livestock,
523,2018-01-01,7b95e27ce402e6e5,permanent,Others,
524,2018-01-01,7b95e27ce402e6e5,temporary,Beans,
525,2018-01-01,7b95e27ce402e6e5,temporary,Cassava,
526,2018-01-01,7b95e27ce402e6e5,temporary,Corn,
527,2018-01-01,7b95e27ce402e6e5,temporary,Others,
528,2018-01-01,7b95e27ce402e6e5,temporary,Rice,
529,2018-01-01,7e56bd83460aabc7,pasture,Livestock,
530,2018-01-01,7e56bd83460aabc7,permanent,Açaí,
531,2018-01-01,7e56bd83460aabc7,permanent,Cocoa,
532,2018-01-01,7e56bd83460aabc7,permanent,Others,
533,2018-01-01,7e56bd83460aabc7,temporary,Beans,
534,2018-01-01,7e56bd83460aabc7,temporary,Cassava,
535,2018-01-01,7e56bd83460aabc7,temporary,Corn,
536,2018-01-01,7e56bd83460aabc7,temporary,Others,
537,2018-01-01,7e56bd83460aabc7,temporary,Rice,
538,2018-01-01,7f076b180f941ec8,pasture,Livestock,
539,2018-01-01,7f076b180f941ec8,permanent,Others,
540,2018-01-01,7f076b180f941ec8,temporary,Beans,
541,2018-01-01,7f076b180f941ec8,temporary,Cassava,
542,2018-01-01,7f076b180f941ec8,temporary,Corn,
543,2018-01-01,7f076b180f941ec8,temporary,Others,
544,2018-01-01,7f076b180f941ec8,temporary,Rice,
545,2018-01-01,7f076b180f941ec8,temporary,Soy,
546,2018-01-01,807c5037e6993f2c,pasture,Livestock,
547,2018-01-01,807c5037e6993f2c,permanent,Others,
548,2018-01-01,807c5037e6993f2c,temporary,Beans,
549,2018-01-01,807c5037e6993f2c,temporary,Cassava,
550,2018-01-01,807c5037e6993f2c,temporary,Corn,
551,2018-01-01,807c5037e6993f2c,temporary,Others,
552,2018-01-01,807c5037e6993f2c,temporary,Rice,
553,2018-01-01,807c5037e6993f2c,temporary,Soy,
554,2018-01-01,80e8ffb027590a74,pasture,Livestock,
555,2018-01-01,80e8ffb027590a74,permanent,Açaí,
556,2018-01-01,80e8ffb027590a74,permanent,Cocoa,
557,2018-01-01,80e8ffb027590a74,permanent,Others,
558,2018-01-01,80e8ffb027590a74,temporary,Beans,
559,2018-01-01,80e8ffb027590a74,temporary,Cassava,
560,2018-01-01,80e8ffb027590a74,temporary,Corn,
561,2018-01-01,80e8ffb027590a74,temporary,Others,
562,2018-01-01,80e8ffb027590a74,temporary,Rice,
563,2018-01-01,841ef18dcb3dbc3e,pasture,Livestock,
564,2018-01-01,841ef18dcb3dbc3e,permanent,Açaí,
565,2018-01-01,841ef18dcb3dbc3e,permanent,Others,
566,2018-01-01,841ef18dcb3dbc3e,permanent,Palm oil,
567,2018-01-01,841ef18dcb3dbc3e,temporary,Beans,
568,2018-01-01,841ef18dcb3dbc3e,temporary,Cassava,
569,2018-01-01,841ef18dcb3dbc3e,temporary,Corn,
570,2018-01-01,841ef18dcb3dbc3e,temporary,Others,
571,2018-01-01,855f882ce507aba5,pasture,Livestock,
572,2018-01-01,855f882ce507aba5,permanent,Açaí,
573,2018-01-01,855f882ce507aba5,permanent,Cocoa,
574,2018-01-01,855f882ce507aba5,permanent,Others,
575,2018-01-01,855f882ce507aba5,temporary,Beans,
576,2018-01-01,855f882ce507aba5,temporary,Cassava,
577,2018-01-01,855f882ce507aba5,temporary,Corn,
578,2018-01-01,855f882ce507aba5,temporary,Others,
579,2018-01-01,855f882ce507aba5,temporary,Rice,
580,2018-01-01,857b720c7c979ae1,pasture,Livestock,
581,2018-01-01,857b720c7c979ae1,permanent,Açaí,
582,2018-01-01,857b720c7c979ae1,temporary,Corn,
583,2018-01-01,857b720c7c979ae1,temporary,Rice,
584,2018-01-01,85adcb13676b6172,pasture,Livestock,
585,2018-01-01,8683715784c40f0f,pasture,Livestock,
586,2018-01-01,86d92d4b0a058014,pasture,Livestock,
587,2018-01-01,86d92d4b0a058014,permanent,Açaí,
588,2018-01-01,86d92d4b0a058014,permanent,Others,
589,2018-01-01,86d92d4b0a058014,temporary,Beans,
590,2018-01-01,86d92d4b0a058014,temporary,Cassava,
591,2018-01-01,86d92d4b0a058014,temporary,Corn,
592,2018-01-01,86d92d4b0a058014,temporary,Rice,
593,2018-01-01,878bd5338ba55697,pasture,Livestock,
594,2018-01-01,878bd5338ba55697,permanent,Açaí,
595,2018-01-01,878bd5338ba55697,permanent,Cocoa,
596,2018-01-01,878bd5338ba55697,permanent,Others,
597,2018-01-01,878bd5338ba55697,temporary,Beans,
598,2018-01-01,878bd5338ba55697,temporary,Cassava,
599,2018-01-01,878bd5338ba55697,temporary,Corn,
600,2018-01-01,878bd5338ba55697,temporary,Others,
601,2018-01-01,878bd5338ba55697,temporary,Rice,
602,2018-01-01,8910840651ee3971,pasture,Livestock,
603,2018-01-01,8910840651ee3971,permanent,Açaí,
604,2018-01-01,8910840651ee3971,permanent,Cocoa,
605,2018-01-01,8910840651ee3971,permanent,Others,
606,2018-01-01,8910840651ee3971,temporary,Beans,
607,2018-01-01,8910840651ee3971,temporary,Cassava,
608,2018-01-01,8910840651ee3971,temporary,Corn,
609,2018-01-01,8910840651ee3971,temporary,Others,
610,2018-01-01,8910840651ee3971,temporary,Rice,
611,2018-01-01,8a4ab531676691da,pasture,Livestock,
612,2018-01-01,8a4ab531676691da,permanent,Açaí,
613,2018-01-01,8a4ab531676691da,permanent,Others,
614,2018-01-01,8a4ab531676691da,temporary,Cassava,
615,2018-01-01,8a4ab531676691da,temporary,Corn,
616,2018-01-01,8a4ab531676691da,temporary,Others,
617,2018-01-01,8a4ab531676691da,temporary,Rice,
618,2018-01-01,8a4ab531676691da,temporary,Soy,
619,2018-01-01,8ca7766621b0ffe9,pasture,Livestock,
620,2018-01-01,8ca7766621b0ffe9,permanent,Others,
621,2018-01-01,8ca7766621b0ffe9,temporary,Beans,
622,2018-01-01,8ca7766621b0ffe9,temporary,Cassava,
623,2018-01-01,8ca7766621b0ffe9,temporary,Corn,
624,2018-01-01,8ca7766621b0ffe9,temporary,Others,
625,2018-01-01,8ca7766621b0ffe9,temporary,Rice,
626,2018-01-01,8ca7766621b0ffe9,temporary,Soy,
627,2018-01-01,8e0eb10270d768f8,pasture,Livestock,
628,2018-01-01,8e0eb10270d768f8,permanent,Açaí,
629,2018-01-01,8e0eb10270d768f8,permanent,Others,
630,2018-01-01,8e0eb10270d768f8,temporary,Cassava,
631,2018-01-01,8e0eb10270d768f8,temporary,Corn,
632,2018-01-01,8e0eb10270d768f8,temporary,Rice,
633,2018-01-01,8e0eb10270d768f8,temporary,Soy,
634,2018-01-01,8ef25b4985bc557a,pasture,Livestock,
635,2018-01-01,8ef25b4985bc557a,permanent,Açaí,
636,2018-01-01,8ef25b4985bc557a,permanent,Cocoa,
637,2018-01-01,8ef25b4985bc557a,permanent,Others,
638,2018-01-01,8ef25b4985bc557a,temporary,Beans,
639,2018-01-01,8ef25b4985bc557a,temporary,Cassava,
640,2018-01-01,8ef25b4985bc557a,temporary,Corn,
641,2018-01-01,8ef25b4985bc557a,temporary,Others,
642,2018-01-01,8ef25b4985bc557a,temporary,Rice,
643,2018-01-01,902f3a9003f7e637,pasture,Livestock,
644,2018-01-01,902f3a9003f7e637,permanent,Açaí,
645,2018-01-01,902f3a9003f7e637,permanent,Cocoa,
646,2018-01-01,902f3a9003f7e637,permanent,Others,
647,2018-01-01,902f3a9003f7e637,permanent,Palm oil,
648,2018-01-01,902f3a9003f7e637,temporary,Beans,
649,2018-01-01,902f3a9003f7e637,temporary,Cassava,
650,2018-01-01,902f3a9003f7e637,temporary,Corn,
651,2018-01-01,902f3a9003f7e637,temporary,Others,
652,2018-01-01,93656feaf53efbef,pasture,Livestock,
653,2018-01-01,93656feaf53efbef,permanent,Açaí,
654,2018-01-01,93656feaf53efbef,permanent,Others,
655,2018-01-01,93656feaf53efbef,permanent,Palm oil,
656,2018-01-01,93656feaf53efbef,temporary,Beans,
657,2018-01-01,93656feaf53efbef,temporary,Cassava,
658,2018-01-01,93656feaf53efbef,temporary,Corn,
659,2018-01-01,93656feaf53efbef,temporary,Others,
660,2018-01-01,960b4f2c94a2fb2c,pasture,Livestock,
661,2018-01-01,960b4f2c94a2fb2c,permanent,Açaí,
662,2018-01-01,960b4f2c94a2fb2c,permanent,Cocoa,
663,2018-01-01,960b4f2c94a2fb2c,permanent,Others,
664,2018-01-01,960b4f2c94a2fb2c,permanent,Palm oil,
665,2018-01-01,960b4f2c94a2fb2c,temporary,Beans,
666,2018-01-01,960b4f2c94a2fb2c,temporary,Cassava,
667,2018-01-01,960b4f2c94a2fb2c,temporary,Corn,
668,2018-01-01,960b4f2c94a2fb2c,temporary,Others,
669,2018-01-01,9bc907eeb9e3fc52,pasture,Livestock,
670,2018-01-01,9bc907eeb9e3fc52,permanent,Others,
671,2018-01-01,9bc907eeb9e3fc52,temporary,Cassava,
672,2018-01-01,9bc907eeb9e3fc52,temporary,Corn,
673,2018-01-01,9bd4f108a319de42,pasture,Livestock,
674,2018-01-01,9bd4f108a319de42,permanent,Açaí,
675,2018-01-01,9bd4f108a319de42,temporary,Cassava,
676,2018-01-01,9bd4f108a319de42,temporary,Others,
677,2018-01-01,9bd4f108a319de42,temporary,Rice,
678,2018-01-01,9ce50fa197613de1,pasture,Livestock,
679,2018-01-01,9ce50fa197613de1,permanent,Açaí,
680,2018-01-01,9ce50fa197613de1,permanent,Others,
681,2018-01-01,9ce50fa197613de1,temporary,Beans,
682,2018-01-01,9ce50fa197613de1,temporary,Cassava,
683,2018-01-01,9ce50fa197613de1,temporary,Corn,
684,2018-01-01,9d8776ac0a78d908,pasture,Livestock,
685,2018-01-01,9d8776ac0a78d908,permanent,Açaí,
686,2018-01-01,9d8776ac0a78d908,permanent,Others,
687,2018-01-01,9d8776ac0a78d908,temporary,Cassava,
688,2018-01-01,a18af8fbae254d86,pasture,Livestock,
689,2018-01-01,a18af8fbae254d86,permanent,Others,
690,2018-01-01,a18af8fbae254d86,temporary,Cassava,
691,2018-01-01,a18af8fbae254d86,temporary,Corn,
692,2018-01-01,a18af8fbae254d86,temporary,Others,
693,2018-01-01,a1b03f0e4d79b4fe,pasture,Livestock,
694,2018-01-01,a1b03f0e4d79b4fe,permanent,Açaí,
695,2018-01-01,a1b03f0e4d79b4fe,permanent,Cocoa,
696,2018-01-01,a1b03f0e4d79b4fe,permanent,Others,
697,2018-01-01,a1b03f0e4d79b4fe,temporary,Cassava,
698,2018-01-01,a1b03f0e4d79b4fe,temporary,Corn,
699,2018-01-01,a1b03f0e4d79b4fe,temporary,Others,
700,2018-01-01,a245de687a867003,pasture,Livestock,
701,2018-01-01,a245de687a867003,permanent,Açaí,
702,2018-01-01,a245de687a867003,temporary,Cassava,
703,2018-01-01,a454a6655aaaaaed,pasture,Livestock,
704,2018-01-01,a454a6655aaaaaed,permanent,Açaí,
705,2018-01-01,a454a6655aaaaaed,permanent,Others,
706,2018-01-01,a454a6655aaaaaed,permanent,Palm oil,
707,2018-01-01,a454a6655aaaaaed,temporary,Beans,
708,2018-01-01,a454a6655aaaaaed,temporary,Cassava,
709,2018-01-01,a454a6655aaaaaed,temporary,Corn,
710,2018-01-01,a454a6655aaaaaed,temporary,Others,
711,2018-01-01,a4d1e1ff1bc3b830,pasture,Livestock,
712,2018-01-01,a4d1e1ff1bc3b830,permanent,Others,
713,2018-01-01,a4d1e1ff1bc3b830,permanent,Palm oil,
714,2018-01-01,a4d1e1ff1bc3b830,temporary,Cassava,
715,2018-01-01,a4d1e1ff1bc3b830,temporary,Corn,
716,2018-01-01,a51be58f39d1d625,pasture,Livestock,
717,2018-01-01,a51be58f39d1d625,permanent,Açaí,
718,2018-01-01,a51be58f39d1d625,permanent,Others,
719,2018-01-01,a51be58f39d1d625,temporary,Beans,
720,2018-01-01,a51be58f39d1d625,temporary,Cassava,
721,2018-01-01,a51be58f39d1d625,temporary,Corn,
722,2018-01-01,a51be58f39d1d625,temporary,Others,
723,2018-01-01,a51be58f39d1d625,temporary,Rice,
724,2018-01-01,a7187a1b5b870cf4,pasture,Livestock,
725,2018-01-01,ab984377b2dc0284,pasture,Livestock,
726,2018-01-01,ab984377b2dc0284,permanent,Açaí,
727,2018-01-01,ab984377b2dc0284,permanent,Cocoa,
728,2018-01-01,ab984377b2dc0284,permanent,Others,
729,2018-01-01,ab984377b2dc0284,temporary,Beans,
730,2018-01-01,ab984377b2dc0284,temporary,Cassava,
731,2018-01-01,ab984377b2dc0284,temporary,Corn,
732,2018-01-01,ab984377b2dc0284,temporary,Others,
733,2018-01-01,abcadd700f8948e3,pasture,Livestock,
734,2018-01-01,abcadd700f8948e3,permanent,Others,
735,2018-01-01,abcadd700f8948e3,temporary,Beans,
736,2018-01-01,abcadd700f8948e3,temporary,Cassava,
737,2018-01-01,abcadd700f8948e3,temporary,Corn,
738,2018-01-01,abcadd700f8948e3,temporary,Others,
739,2018-01-01,abcadd700f8948e3,temporary,Rice,
740,2018-01-01,ad622472210b0b57,pasture,Livestock,
741,2018-01-01,ad622472210b0b57,permanent,Açaí,
742,2018-01-01,ad622472210b0b57,permanent,Others,
743,2018-01-01,ad622472210b0b57,temporary,Beans,
744,2018-01-01,ad622472210b0b57,temporary,Cassava,
745,2018-01-01,ad622472210b0b57,temporary,Corn,
746,2018-01-01,ad622472210b0b57,temporary,Others,
747,2018-01-01,ad622472210b0b57,temporary,Rice,
748,2018-01-01,ae345f007f327b22,pasture,Livestock,
749,2018-01-01,ae345f007f327b22,permanent,Açaí,
750,2018-01-01,ae345f007f327b22,permanent,Cocoa,
751,2018-01-01,ae345f007f327b22,permanent,Others,
752,2018-01-01,ae345f007f327b22,temporary,Beans,
753,2018-01-01,ae345f007f327b22,temporary,Cassava,
754,2018-01-01,ae345f007f327b22,temporary,Corn,
755,2018-01-01,ae345f007f327b22,temporary,Others,
756,2018-01-01,ae345f007f327b22,temporary,Rice,
757,2018-01-01,b0e4b4b27117562a,pasture,Livestock,
758,2018-01-01,b0e4b4b27117562a,permanent,Cocoa,
759,2018-01-01,b0e4b4b27117562a,permanent,Others,
760,2018-01-01,b0e4b4b27117562a,temporary,Beans,
761,2018-01-01,b0e4b4b27117562a,temporary,Cassava,
762,2018-01-01,b0e4b4b27117562a,temporary,Corn,
763,2018-01-01,b0e4b4b27117562a,temporary,Others,
764,2018-01-01,b0e4b4b27117562a,temporary,Rice,
765,2018-01-01,b4829f1e221d9778,pasture,Livestock,
766,2018-01-01,b4829f1e221d9778,permanent,Açaí,
767,2018-01-01,b4829f1e221d9778,permanent,Others,
768,2018-01-01,b4829f1e221d9778,temporary,Beans,
769,2018-01-01,b4829f1e221d9778,temporary,Cassava,
770,2018-01-01,b4829f1e221d9778,temporary,Corn,
771,2018-01-01,b4829f1e221d9778,temporary,Others,
772,2018-01-01,b4829f1e221d9778,temporary,Rice,
773,2018-01-01,b4bb04d2a6472ea0,pasture,Livestock,
774,2018-01-01,b4bb04d2a6472ea0,permanent,Açaí,
775,2018-01-01,b4bb04d2a6472ea0,permanent,Others,
776,2018-01-01,b4bb04d2a6472ea0,temporary,Beans,
777,2018-01-01,b4bb04d2a6472ea0,temporary,Cassava,
778,2018-01-01,b4bb04d2a6472ea0,temporary,Corn,
779,2018-01-01,b4bb04d2a6472ea0,temporary,Others,
780,2018-01-01,b73e63cd3a2904c9,pasture,Livestock,
781,2018-01-01,b73e63cd3a2904c9,permanent,Others,
782,2018-01-01,b73e63cd3a2904c9,temporary,Beans,
783,2018-01-01,b73e63cd3a2904c9,temporary,Cassava,
784,2018-01-01,b73e63cd3a2904c9,temporary,Corn,
785,2018-01-01,b73e63cd3a2904c9,temporary,Others,
786,2018-01-01,b73e63cd3a2904c9,temporary,Rice,
787,2018-01-01,ba23b66825fc1c91,pasture,Livestock,
788,2018-01-01,ba23b66825fc1c91,permanent,Açaí,
789,2018-01-01,ba23b66825fc1c91,permanent,Others,
790,2018-01-01,ba23b66825fc1c91,temporary,Beans,
791,2018-01-01,ba23b66825fc1c91,temporary,Cassava,
792,2018-01-01,ba23b66825fc1c91,temporary,Corn,
793,2018-01-01,ba23b66825fc1c91,temporary,Others,
794,2018-01-01,ba23b66825fc1c91,temporary,Rice,
795,2018-01-01,ba4547c678a9a2e6,pasture,Livestock,
796,2018-01-01,ba4547c678a9a2e6,permanent,Açaí,
797,2018-01-01,ba4547c678a9a2e6,permanent,Others,
798,2018-01-01,ba4547c678a9a2e6,permanent,Palm oil,
799,2018-01-01,ba4547c678a9a2e6,temporary,Beans,
800,2018-01-01,ba4547c678a9a2e6,temporary,Cassava,
801,2018-01-01,ba4547c678a9a2e6,temporary,Corn,
802,2018-01-01,ba4547c678a9a2e6,temporary,Others,
803,2018-01-01,bce36d2f8aa39d8b,pasture,Livestock,
804,2018-01-01,bce36d2f8aa39d8b,permanent,Cocoa,
805,2018-01-01,bce36d2f8aa39d8b,permanent,Others,
806,2018-01-01,bce36d2f8aa39d8b,temporary,Beans,
807,2018-01-01,bce36d2f8aa39d8b,temporary,Cassava,
808,2018-01-01,bce36d2f8aa39d8b,temporary,Corn,
809,2018-01-01,bce36d2f8aa39d8b,temporary,Others,
810,2018-01-01,bce36d2f8aa39d8b,temporary,Rice,
811,2018-01-01,bce36d2f8aa39d8b,temporary,Soy,
812,2018-01-01,be4424aa54f8d2ae,pasture,Livestock,
813,2018-01-01,be4424aa54f8d2ae,permanent,Açaí,
814,2018-01-01,be4424aa54f8d2ae,permanent,Cocoa,
815,2018-01-01,be4424aa54f8d2ae,permanent,Others,
816,2018-01-01,be4424aa54f8d2ae,permanent,Palm oil,
817,2018-01-01,be4424aa54f8d2ae,temporary,Beans,
818,2018-01-01,be4424aa54f8d2ae,temporary,Cassava,
819,2018-01-01,be4424aa54f8d2ae,temporary,Corn,
820,2018-01-01,be4424aa54f8d2ae,temporary,Others,
821,2018-01-01,be4424aa54f8d2ae,temporary,Rice,
822,2018-01-01,be4424aa54f8d2ae,temporary,Soy,
823,2018-01-01,be8a37473dc63db0,pasture,Livestock,
824,2018-01-01,be8a37473dc63db0,permanent,Açaí,
825,2018-01-01,be8a37473dc63db0,permanent,Cocoa,
826,2018-01-01,be8a37473dc63db0,permanent,Others,
827,2018-01-01,be8a37473dc63db0,temporary,Beans,
828,2018-01-01,be8a37473dc63db0,temporary,Cassava,
829,2018-01-01,be8a37473dc63db0,temporary,Corn,
830,2018-01-01,be8a37473dc63db0,temporary,Others,
831,2018-01-01,be8a37473dc63db0,temporary,Rice,
832,2018-01-01,be8a37473dc63db0,temporary,Soy,
833,2018-01-01,c0019c9a4b4819f2,pasture,Livestock,
834,2018-01-01,c0019c9a4b4819f2,permanent,Açaí,
835,2018-01-01,c0019c9a4b4819f2,permanent,Cocoa,
836,2018-01-01,c0019c9a4b4819f2,permanent,Others,
837,2018-01-01,c0019c9a4b4819f2,temporary,Beans,
838,2018-01-01,c0019c9a4b4819f2,temporary,Corn,
839,2018-01-01,c118b149223ba711,pasture,Livestock,
840,2018-01-01,c118b149223ba711,permanent,Others,
841,2018-01-01,c118b149223ba711,temporary,Cassava,
842,2018-01-01,c129d0cd5f1afd51,pasture,Livestock,
843,2018-01-01,c129d0cd5f1afd51,permanent,Açaí,
844,2018-01-01,c129d0cd5f1afd51,permanent,Cocoa,
845,2018-01-01,c129d0cd5f1afd51,permanent,Others,
846,2018-01-01,c129d0cd5f1afd51,temporary,Cassava,
847,2018-01-01,c129d0cd5f1afd51,temporary,Corn,
848,2018-01-01,c129d0cd5f1afd51,temporary,Rice,
849,2018-01-01,c45d8ddba643c0d7,pasture,Livestock,
850,2018-01-01,c45d8ddba643c0d7,permanent,Açaí,
851,2018-01-01,c45d8ddba643c0d7,permanent,Others,
852,2018-01-01,c45d8ddba643c0d7,permanent,Palm oil,
853,2018-01-01,c45d8ddba643c0d7,temporary,Cassava,
854,2018-01-01,c45d8ddba643c0d7,temporary,Others,
855,2018-01-01,cb23149538de1c42,pasture,Livestock,
856,2018-01-01,cb23149538de1c42,permanent,Others,
857,2018-01-01,cb23149538de1c42,temporary,Beans,
858,2018-01-01,cb23149538de1c42,temporary,Cassava,
859,2018-01-01,cb23149538de1c42,temporary,Corn,
860,2018-01-01,cb23149538de1c42,temporary,Others,
861,2018-01-01,cb23149538de1c42,temporary,Rice,
862,2018-01-01,cdc89121a4b9478b,pasture,Livestock,
863,2018-01-01,cdc89121a4b9478b,permanent,Others,
864,2018-01-01,cdc89121a4b9478b,temporary,Beans,
865,2018-01-01,cdc89121a4b9478b,temporary,Cassava,
866,2018-01-01,cdc89121a4b9478b,temporary,Corn,
867,2018-01-01,cdc89121a4b9478b,temporary,Others,
868,2018-01-01,cdc89121a4b9478b,temporary,Rice,
869,2018-01-01,cdc89121a4b9478b,temporary,Soy,
870,2018-01-01,cead2cbd1f8f0b86,pasture,Livestock,
871,2018-01-01,cead2cbd1f8f0b86,permanent,Açaí,
872,2018-01-01,cead2cbd1f8f0b86,permanent,Others,
873,2018-01-01,cead2cbd1f8f0b86,temporary,Beans,
874,2018-01-01,cead2cbd1f8f0b86,temporary,Cassava,
875,2018-01-01,cead2cbd1f8f0b86,temporary,Corn,
876,2018-01-01,cead2cbd1f8f0b86,temporary,Others,
877,2018-01-01,cead2cbd1f8f0b86,temporary,Rice,
878,2018-01-01,cead2cbd1f8f0b86,temporary,Soy,
879,2018-01-01,cf96db4cc35ea025,pasture,Livestock,
880,2018-01-01,d0f5f5b9fcecb0d8,pasture,Livestock,
881,2018-01-01,d0f5f5b9fcecb0d8,permanent,Others,
882,2018-01-01,d0f5f5b9fcecb0d8,permanent,Palm oil,
883,2018-01-01,d0f5f5b9fcecb0d8,temporary,Beans,
884,2018-01-01,d0f5f5b9fcecb0d8,temporary,Cassava,
885,2018-01-01,d0f5f5b9fcecb0d8,temporary,Corn,
886,2018-01-01,d0f5f5b9fcecb0d8,temporary,Others,
887,2018-01-01,d0f5f5b9fcecb0d8,temporary,Rice,
888,2018-01-01,d42d0e216f57b2ae,pasture,Livestock,
889,2018-01-01,d42d0e216f57b2ae,permanent,Açaí,
890,2018-01-01,d42d0e216f57b2ae,permanent,Others,
891,2018-01-01,d42d0e216f57b2ae,temporary,Cassava,
892,2018-01-01,d42d0e216f57b2ae,temporary,Corn,
893,2018-01-01,d6f1f98b1745e004,pasture,Livestock,
894,2018-01-01,d6f1f98b1745e004,permanent,Cocoa,
895,2018-01-01,d6f1f98b1745e004,permanent,Others,
896,2018-01-01,d6f1f98b1745e004,temporary,Beans,
897,2018-01-01,d6f1f98b1745e004,temporary,Cassava,
898,2018-01-01,d6f1f98b1745e004,temporary,Corn,
899,2018-01-01,d6f1f98b1745e004,temporary,Others,
900,2018-01-01,d6f1f98b1745e004,temporary,Rice,
901,2018-01-01,d6ffd6d7dfe22d57,pasture,Livestock,
902,2018-01-01,d6ffd6d7dfe22d57,permanent,Açaí,
903,2018-01-01,d6ffd6d7dfe22d57,permanent,Others,
904,2018-01-01,d6ffd6d7dfe22d57,temporary,Beans,
905,2018-01-01,d6ffd6d7dfe22d57,temporary,Cassava,
906,2018-01-01,d6ffd6d7dfe22d57,temporary,Corn,
907,2018-01-01,d6ffd6d7dfe22d57,temporary,Rice,
908,2018-01-01,de1994d393ef525a,pasture,Livestock,
909,2018-01-01,de1994d393ef525a,permanent,Cocoa,
910,2018-01-01,de1994d393ef525a,permanent,Others,
911,2018-01-01,de1994d393ef525a,temporary,Cassava,
912,2018-01-01,de1994d393ef525a,temporary,Corn,
913,2018-01-01,de1994d393ef525a,temporary,Rice,
914,2018-01-01,df19203419d2ea64,pasture,Livestock,
915,2018-01-01,df19203419d2ea64,permanent,Açaí,
916,2018-01-01,df19203419d2ea64,permanent,Cocoa,
917,2018-01-01,df19203419d2ea64,permanent,Others,
918,2018-01-01,df19203419d2ea64,temporary,Beans,
919,2018-01-01,df19203419d2ea64,temporary,Cassava,
920,2018-01-01,df19203419d2ea64,temporary,Corn,
921,2018-01-01,df19203419d2ea64,temporary,Others,
922,2018-01-01,df19203419d2ea64,temporary,Rice,
923,2018-01-01,df2cd1cbe849ebd0,pasture,Livestock,
924,2018-01-01,df2cd1cbe849ebd0,permanent,Açaí,
925,2018-01-01,df2cd1cbe849ebd0,permanent,Others,
926,2018-01-01,df2cd1cbe849ebd0,permanent,Palm oil,
927,2018-01-01,df2cd1cbe849ebd0,temporary,Beans,
928,2018-01-01,df2cd1cbe849ebd0,temporary,Cassava,
929,2018-01-01,df2cd1cbe849ebd0,temporary,Corn,
930,2018-01-01,e635f6b0f8a98808,pasture,Livestock,
931,2018-01-01,e635f6b0f8a98808,permanent,Cocoa,
932,2018-01-01,e635f6b0f8a98808,permanent,Others,
933,2018-01-01,e635f6b0f8a98808,temporary,Beans,
934,2018-01-01,e635f6b0f8a98808,temporary,Cassava,
935,2018-01-01,e635f6b0f8a98808,temporary,Corn,
936,2018-01-01,e635f6b0f8a98808,temporary,Others,
937,2018-01-01,e635f6b0f8a98808,temporary,Rice,
938,2018-01-01,eac302b92f87d9ca,pasture,Livestock,
939,2018-01-01,eac302b92f87d9ca,permanent,Açaí,
940,2018-01-01,eac302b92f87d9ca,permanent,Cocoa,
941,2018-01-01,eac302b92f87d9ca,permanent,Others,
942,2018-01-01,eac302b92f87d9ca,temporary,Beans,
943,2018-01-01,eac302b92f87d9ca,temporary,Cassava,
944,2018-01-01,eac302b92f87d9ca,temporary,Corn,
945,2018-01-01,eac302b92f87d9ca,temporary,Others,
946,2018-01-01,eac302b92f87d9ca,temporary,Rice,
947,2018-01-01,ec84c1e86735dc9b,pasture,Livestock,
948,2018-01-01,ec84c1e86735dc9b,permanent,Açaí,
949,2018-01-01,ec84c1e86735dc9b,permanent,Others,
950,2018-01-01,ec84c1e86735dc9b,temporary,Beans,
951,2018-01-01,ec84c1e86735dc9b,temporary,Cassava,
952,2018-01-01,ec84c1e86735dc9b,temporary,Corn,
953,2018-01-01,ec84c1e86735dc9b,temporary,Others,
954,2018-01-01,ec84c1e86735dc9b,temporary,Rice,
955,2018-01-01,f1fd357c5adaa8dc,pasture,Livestock,
956,2018-01-01,f1fd357c5adaa8dc,permanent,Açaí,
957,2018-01-01,f1fd357c5adaa8dc,permanent,Cocoa,
958,2018-01-01,f1fd357c5adaa8dc,permanent,Others,
959,2018-01-01,f1fd357c5adaa8dc,temporary,Beans,
960,2018-01-01,f1fd357c5adaa8dc,temporary,Cassava,
961,2018-01-01,f1fd357c5adaa8dc,temporary,Corn,
962,2018-01-01,f1fd357c5adaa8dc,temporary,Rice,
963,2018-01-01,f39d21744916469c,pasture,Livestock,
964,2018-01-01,f39d21744916469c,permanent,Açaí,
965,2018-01-01,f39d21744916469c,permanent,Others,
966,2018-01-01,f39d21744916469c,temporary,Cassava,
967,2018-01-01,f39d21744916469c,temporary,Corn,
968,2018-01-01,f3c2cc112eb0e6fe,pasture,Livestock,
969,2018-01-01,f3c2cc112eb0e6fe,permanent,Others,
970,2018-01-01,f3c2cc112eb0e6fe,temporary,Beans,
971,2018-01-01,f3c2cc112eb0e6fe,temporary,Cassava,
972,2018-01-01,f3c2cc112eb0e6fe,temporary,Corn,
973,2018-01-01,f3c2cc112eb0e6fe,temporary,Rice,
974,2018-01-01,f4612b8b5a8223b5,pasture,Livestock,
975,2018-01-01,f4612b8b5a8223b5,permanent,Others,
976,2018-01-01,f4612b8b5a8223b5,temporary,Beans,
977,2018-01-01,f4612b8b5a8223b5,temporary,Cassava,
978,2018-01-01,f4612b8b5a8223b5,temporary,Corn,
979,2018-01-01,f67358b81451a8d1,pasture,Livestock,
980,2018-01-01,f67358b81451a8d1,permanent,Açaí,
981,2018-01-01,f67358b81451a8d1,permanent,Others,
982,2018-01-01,f67358b81451a8d1,temporary,Cassava,
983,2018-01-01,f67358b81451a8d1,temporary,Others,
984,2018-01-01,f8e70145d73bd728,pasture,Livestock,
985,2018-01-01,f8e70145d73bd728,permanent,Açaí,
986,2018-01-01,f8e70145d73bd728,permanent,Others,
987,2018-01-01,f8e70145d73bd728,temporary,Cassava,
988,2018-01-01,f8e70145d73bd728,temporary,Others,
989,2018-01-01,fa005e1ffef6032a,pasture,Livestock,
990,2018-01-01,fa005e1ffef6032a,permanent,Açaí,
991,2018-01-01,fa005e1ffef6032a,permanent,Others,
992,2018-01-01,fa005e1ffef6032a,temporary,Cassava,
993,2018-01-01,fa005e1ffef6032a,temporary,Corn,
994,2018-01-01,fa005e1ffef6032a,temporary,Others,
995,2018-01-01,fae378a53734da72,pasture,Livestock,
996,2018-01-01,fae378a53734da72,permanent,Cocoa,
997,2018-01-01,fae378a53734da72,permanent,Others,
998,2018-01-01,fae378a53734da72,temporary,Beans,
999,2018-01-01,fae378a53734da72,temporary,Cassava,
1000,2018-01-01,fae378a53734da72,temporary,Corn,
1001,2018-01-01,fae378a53734da72,temporary,Others,
1002,2018-01-01,fae378a53734da72,temporary,Rice,
1003,2018-01-01,fda49275fbf5caf6,pasture,Livestock,
1004,2018-01-01,fda49275fbf5caf6,permanent,Açaí,
1005,2018-01-01,fda49275fbf5caf6,permanent,Cocoa,
1006,2018-01-01,fda49275fbf5caf6,permanent,Others,
1007,2018-01-01,fda49275fbf5caf6,temporary,Beans,
1008,2018-01-01,fda49275fbf5caf6,temporary,Cassava,
1009,2018-01-01,fda49275fbf5caf6,temporary,Corn,
0,2019-01-01,0307883b5d063703,pasture,Livestock,
1,2019-01-01,0307883b5d063703,permanent,Açaí,
2,2019-01-01,0307883b5d063703,permanent,Others,
3,2019-01-01,0307883b5d063703,temporary,Cassava,
4,2019-01-01,0307883b5d063703,temporary,Others,
5,2019-01-01,03e477d4ede00e89,pasture,Livestock,
6,2019-01-01,03e477d4ede00e89,permanent,Others,
7,2019-01-01,03e477d4ede00e89,temporary,Beans,
8,2019-01-01,03e477d4ede00e89,temporary,Cassava,
9,2019-01-01,03e477d4ede00e89,temporary,Corn,
10,2019-01-01,051e9cc7d7636816,pasture,Livestock,
11,2019-01-01,051e9cc7d7636816,permanent,Açaí,
12,2019-01-01,051e9cc7d7636816,permanent,Cocoa,
13,2019-01-01,051e9cc7d7636816,permanent,Others,
14,2019-01-01,051e9cc7d7636816,temporary,Beans,
15,2019-01-01,051e9cc7d7636816,temporary,Cassava,
16,2019-01-01,051e9cc7d7636816,temporary,Corn,
17,2019-01-01,051e9cc7d7636816,temporary,Others,
18,2019-01-01,051e9cc7d7636816,temporary,Rice,
19,2019-01-01,062ce4c17e84291e,pasture,Livestock,
20,2019-01-01,062ce4c17e84291e,permanent,Others,
21,2019-01-01,074590cfc1c41ebf,pasture,Livestock,
22,2019-01-01,074590cfc1c41ebf,permanent,Açaí,
23,2019-01-01,074590cfc1c41ebf,permanent,Cocoa,
24,2019-01-01,074590cfc1c41ebf,permanent,Others,
25,2019-01-01,074590cfc1c41ebf,temporary,Beans,
26,2019-01-01,074590cfc1c41ebf,temporary,Cassava,
27,2019-01-01,074590cfc1c41ebf,temporary,Corn,
28,2019-01-01,074590cfc1c41ebf,temporary,Others,
29,2019-01-01,074590cfc1c41ebf,temporary,Rice,
30,2019-01-01,074590cfc1c41ebf,temporary,Soy,
31,2019-01-01,07bba1a59af78f2d,pasture,Livestock,
32,2019-01-01,07bba1a59af78f2d,permanent,Açaí,
33,2019-01-01,07bba1a59af78f2d,permanent,Others,
34,2019-01-01,07bba1a59af78f2d,permanent,Palm oil,
35,2019-01-01,07bba1a59af78f2d,temporary,Beans,
36,2019-01-01,07bba1a59af78f2d,temporary,Cassava,
37,2019-01-01,07bba1a59af78f2d,temporary,Corn,
38,2019-01-01,07bba1a59af78f2d,temporary,Rice,
39,2019-01-01,07ce2e79e19977e9,pasture,Livestock,
40,2019-01-01,07ce2e79e19977e9,permanent,Others,
41,2019-01-01,07ce2e79e19977e9,temporary,Cassava,
42,2019-01-01,07ce2e79e19977e9,temporary,Corn,
43,2019-01-01,07ce2e79e19977e9,temporary,Others,
44,2019-01-01,07ed828db19fe8ca,pasture,Livestock,
45,2019-01-01,07ed828db19fe8ca,permanent,Others,
46,2019-01-01,07ed828db19fe8ca,temporary,Beans,
47,2019-01-01,07ed828db19fe8ca,temporary,Cassava,
48,2019-01-01,07ed828db19fe8ca,temporary,Corn,
49,2019-01-01,07ed828db19fe8ca,temporary,Rice,
50,2019-01-01,09791645137aa877,pasture,Livestock,
51,2019-01-01,09791645137aa877,permanent,Others,
52,2019-01-01,0dcbfaab30eb40c1,pasture,Livestock,
53,2019-01-01,0dcbfaab30eb40c1,permanent,Açaí,
54,2019-01-01,0dcbfaab30eb40c1,permanent,Others,
55,2019-01-01,0dcbfaab30eb40c1,temporary,Beans,
56,2019-01-01,0dcbfaab30eb40c1,temporary,Cassava,
57,2019-01-01,0dcbfaab30eb40c1,temporary,Corn,
58,2019-01-01,0dcbfaab30eb40c1,temporary,Others,
59,2019-01-01,0dcbfaab30eb40c1,temporary,Rice,
60,2019-01-01,0ea136556d12fc16,pasture,Livestock,
61,2019-01-01,0ea136556d12fc16,permanent,Cocoa,
62,2019-01-01,0ea136556d12fc16,permanent,Others,
63,2019-01-01,0ea136556d12fc16,temporary,Beans,
64,2019-01-01,0ea136556d12fc16,temporary,Cassava,
65,2019-01-01,0ea136556d12fc16,temporary,Corn,
66,2019-01-01,0ea136556d12fc16,temporary,Others,
67,2019-01-01,0ea136556d12fc16,temporary,Rice,
68,2019-01-01,1096f26c5a236d0b,pasture,Livestock,
69,2019-01-01,1096f26c5a236d0b,permanent,Others,
70,2019-01-01,1096f26c5a236d0b,temporary,Beans,
71,2019-01-01,1096f26c5a236d0b,temporary,Cassava,
72,2019-01-01,1096f26c5a236d0b,temporary,Corn,
73,2019-01-01,10973d6049af898b,pasture,Livestock,
74,2019-01-01,10973d6049af898b,permanent,Açaí,
75,2019-01-01,10973d6049af898b,permanent,Others,
76,2019-01-01,10973d6049af898b,temporary,Beans,
77,2019-01-01,10973d6049af898b,temporary,Cassava,
78,2019-01-01,10973d6049af898b,temporary,Corn,
79,2019-01-01,10973d6049af898b,temporary,Others,
80,2019-01-01,10973d6049af898b,temporary,Rice,
81,2019-01-01,10973d6049af898b,temporary,Soy,
82,2019-01-01,114487007645c940,pasture,Livestock,
83,2019-01-01,114487007645c940,permanent,Others,
84,2019-01-01,114487007645c940,temporary,Beans,
85,2019-01-01,114487007645c940,temporary,Cassava,
86,2019-01-01,114487007645c940,temporary,Corn,
87,2019-01-01,11645a57d3a1d507,pasture,Livestock,
88,2019-01-01,11645a57d3a1d507,permanent,Açaí,
89,2019-01-01,11645a57d3a1d507,permanent,Cocoa,
90,2019-01-01,11645a57d3a1d507,permanent,Others,
91,2019-01-01,11645a57d3a1d507,permanent,Palm oil,
92,2019-01-01,11645a57d3a1d507,temporary,Beans,
93,2019-01-01,11645a57d3a1d507,temporary,Cassava,
94,2019-01-01,11645a57d3a1d507,temporary,Corn,
95,2019-01-01,11645a57d3a1d507,temporary,Others,
96,2019-01-01,11b6622567f98f3b,pasture,Livestock,
97,2019-01-01,11b6622567f98f3b,permanent,Others,
98,2019-01-01,11b6622567f98f3b,permanent,Palm oil,
99,2019-01-01,11b6622567f98f3b,temporary,Beans,
100,2019-01-01,11b6622567f98f3b,temporary,Cassava,
101,2019-01-01,11b6622567f98f3b,temporary,Corn,
102,2019-01-01,13804a196311e1ba,pasture,Livestock,
103,2019-01-01,13804a196311e1ba,permanent,Açaí,
104,2019-01-01,13804a196311e1ba,permanent,Cocoa,
105,2019-01-01,13804a196311e1ba,permanent,Others,
106,2019-01-01,13804a196311e1ba,temporary,Beans,
107,2019-01-01,13804a196311e1ba,temporary,Cassava,
108,2019-01-01,13804a196311e1ba,temporary,Corn,
109,2019-01-01,13804a196311e1ba,temporary,Others,
110,2019-01-01,13804a196311e1ba,temporary,Rice,
111,2019-01-01,164c8953d3af2bbe,pasture,Livestock,
112,2019-01-01,164c8953d3af2bbe,permanent,Açaí,
113,2019-01-01,164c8953d3af2bbe,permanent,Cocoa,
114,2019-01-01,164c8953d3af2bbe,permanent,Others,
115,2019-01-01,164c8953d3af2bbe,temporary,Beans,
116,2019-01-01,164c8953d3af2bbe,temporary,Cassava,
117,2019-01-01,164c8953d3af2bbe,temporary,Corn,
118,2019-01-01,164c8953d3af2bbe,temporary,Rice,
119,2019-01-01,18e37d24ff8517ef,pasture,Livestock,
120,2019-01-01,18e37d24ff8517ef,permanent,Others,
121,2019-01-01,18e37d24ff8517ef,temporary,Beans,
122,2019-01-01,18e37d24ff8517ef,temporary,Cassava,
123,2019-01-01,18e37d24ff8517ef,temporary,Corn,
124,2019-01-01,18e37d24ff8517ef,temporary,Others,
125,2019-01-01,18e37d24ff8517ef,temporary,Rice,
126,2019-01-01,18fb5197aa553b9c,pasture,Livestock,
127,2019-01-01,18fb5197aa553b9c,permanent,Others,
128,2019-01-01,18fb5197aa553b9c,temporary,Cassava,
129,2019-01-01,18fb5197aa553b9c,temporary,Corn,
130,2019-01-01,18fb5197aa553b9c,temporary,Others,
131,2019-01-01,1bd7145ed1da044a,pasture,Livestock,
132,2019-01-01,1bd7145ed1da044a,permanent,Açaí,
133,2019-01-01,1bd7145ed1da044a,permanent,Cocoa,
134,2019-01-01,1bd7145ed1da044a,permanent,Others,
135,2019-01-01,1bd7145ed1da044a,temporary,Beans,
136,2019-01-01,1bd7145ed1da044a,temporary,Cassava,
137,2019-01-01,1bd7145ed1da044a,temporary,Corn,
138,2019-01-01,1bd7145ed1da044a,temporary,Others,
139,2019-01-01,1bd7145ed1da044a,temporary,Rice,
140,2019-01-01,1bd7145ed1da044a,temporary,Soy,
141,2019-01-01,1d8a692643f9a15a,pasture,Livestock,
142,2019-01-01,1d8a692643f9a15a,permanent,Açaí,
143,2019-01-01,1d8a692643f9a15a,permanent,Cocoa,
144,2019-01-01,1d8a692643f9a15a,permanent,Others,
145,2019-01-01,1d8a692643f9a15a,temporary,Beans,
146,2019-01-01,1d8a692643f9a15a,temporary,Cassava,
147,2019-01-01,1d8a692643f9a15a,temporary,Corn,
148,2019-01-01,1d8a692643f9a15a,temporary,Others,
149,2019-01-01,1d8a692643f9a15a,temporary,Rice,
150,2019-01-01,20589298110cd872,pasture,Livestock,
151,2019-01-01,20589298110cd872,permanent,Açaí,
152,2019-01-01,20589298110cd872,permanent,Others,
153,2019-01-01,20589298110cd872,temporary,Beans,
154,2019-01-01,20589298110cd872,temporary,Cassava,
155,2019-01-01,20589298110cd872,temporary,Corn,
156,2019-01-01,20589298110cd872,temporary,Others,
157,2019-01-01,20589298110cd872,temporary,Rice,
158,2019-01-01,20589298110cd872,temporary,Soy,
159,2019-01-01,205ccde9be499e17,pasture,Livestock,
160,2019-01-01,205ccde9be499e17,permanent,Açaí,
161,2019-01-01,205ccde9be499e17,permanent,Cocoa,
162,2019-01-01,205ccde9be499e17,permanent,Others,
163,2019-01-01,205ccde9be499e17,permanent,Palm oil,
164,2019-01-01,205ccde9be499e17,temporary,Beans,
165,2019-01-01,205ccde9be499e17,temporary,Cassava,
166,2019-01-01,205ccde9be499e17,temporary,Corn,
167,2019-01-01,205ccde9be499e17,temporary,Others,
168,2019-01-01,205ccde9be499e17,temporary,Rice,
169,2019-01-01,20e241460ce4140d,pasture,Livestock,
170,2019-01-01,20e241460ce4140d,permanent,Açaí,
171,2019-01-01,20e241460ce4140d,permanent,Others,
172,2019-01-01,20e241460ce4140d,temporary,Cassava,
173,2019-01-01,20e241460ce4140d,temporary,Others,
174,2019-01-01,2631530645ac2ec8,pasture,Livestock,
175,2019-01-01,2631530645ac2ec8,permanent,Açaí,
176,2019-01-01,2631530645ac2ec8,permanent,Cocoa,
177,2019-01-01,2631530645ac2ec8,permanent,Others,
178,2019-01-01,2631530645ac2ec8,permanent,Palm oil,
179,2019-01-01,2631530645ac2ec8,temporary,Beans,
180,2019-01-01,2631530645ac2ec8,temporary,Cassava,
181,2019-01-01,2631530645ac2ec8,temporary,Corn,
182,2019-01-01,2a6b10e6e68be90e,pasture,Livestock,
183,2019-01-01,2a6b10e6e68be90e,permanent,Açaí,
184,2019-01-01,2a6b10e6e68be90e,permanent,Cocoa,
185,2019-01-01,2a6b10e6e68be90e,permanent,Others,
186,2019-01-01,2a6b10e6e68be90e,temporary,Beans,
187,2019-01-01,2a6b10e6e68be90e,temporary,Cassava,
188,2019-01-01,2a6b10e6e68be90e,temporary,Corn,
189,2019-01-01,2a6b10e6e68be90e,temporary,Others,
190,2019-01-01,2a6b10e6e68be90e,temporary,Soy,
191,2019-01-01,2ad055c7757d499d,pasture,Livestock,
192,2019-01-01,2ad055c7757d499d,permanent,Açaí,
193,2019-01-01,2ad055c7757d499d,permanent,Cocoa,
194,2019-01-01,2ad055c7757d499d,permanent,Others,
195,2019-01-01,2ad055c7757d499d,permanent,Palm oil,
196,2019-01-01,2ad055c7757d499d,temporary,Beans,
197,2019-01-01,2ad055c7757d499d,temporary,Cassava,
198,2019-01-01,2ad055c7757d499d,temporary,Corn,
199,2019-01-01,2ad055c7757d499d,temporary,Rice,
200,2019-01-01,351174f21316c2f0,pasture,Livestock,
201,2019-01-01,351174f21316c2f0,permanent,Açaí,
202,2019-01-01,351174f21316c2f0,permanent,Others,
203,2019-01-01,351174f21316c2f0,temporary,Beans,
204,2019-01-01,351174f21316c2f0,temporary,Cassava,
205,2019-01-01,351174f21316c2f0,temporary,Others,
206,2019-01-01,351bc0cbcce79ec9,pasture,Livestock,
207,2019-01-01,351bc0cbcce79ec9,permanent,Açaí,
208,2019-01-01,351bc0cbcce79ec9,permanent,Cocoa,
209,2019-01-01,351bc0cbcce79ec9,permanent,Others,
210,2019-01-01,351bc0cbcce79ec9,temporary,Beans,
211,2019-01-01,351bc0cbcce79ec9,temporary,Cassava,
212,2019-01-01,351bc0cbcce79ec9,temporary,Corn,
213,2019-01-01,351bc0cbcce79ec9,temporary,Rice,
214,2019-01-01,3a5d0e5eb1691b38,pasture,Livestock,
215,2019-01-01,3a5d0e5eb1691b38,permanent,Açaí,
216,2019-01-01,3a5d0e5eb1691b38,permanent,Others,
217,2019-01-01,3a5d0e5eb1691b38,temporary,Beans,
218,2019-01-01,3a5d0e5eb1691b38,temporary,Cassava,
219,2019-01-01,3a5d0e5eb1691b38,temporary,Corn,
220,2019-01-01,3a5d0e5eb1691b38,temporary,Others,
221,2019-01-01,3a5d0e5eb1691b38,temporary,Rice,
222,2019-01-01,3a8618990d23351f,pasture,Livestock,
223,2019-01-01,3a8618990d23351f,permanent,Others,
224,2019-01-01,3a8618990d23351f,temporary,Beans,
225,2019-01-01,3a8618990d23351f,temporary,Cassava,
226,2019-01-01,3a8618990d23351f,temporary,Corn,
227,2019-01-01,3a8618990d23351f,temporary,Rice,
228,2019-01-01,3cf541a13002d37b,pasture,Livestock,
229,2019-01-01,3cf541a13002d37b,permanent,Açaí,
230,2019-01-01,3cf541a13002d37b,permanent,Others,
231,2019-01-01,3cf541a13002d37b,temporary,Beans,
232,2019-01-01,3cf541a13002d37b,temporary,Cassava,
233,2019-01-01,3cf541a13002d37b,temporary,Corn,
234,2019-01-01,3cf541a13002d37b,temporary,Rice,
235,2019-01-01,3fdbc27a4bed0deb,pasture,Livestock,
236,2019-01-01,3fdbc27a4bed0deb,permanent,Açaí,
237,2019-01-01,3fdbc27a4bed0deb,permanent,Cocoa,
238,2019-01-01,3fdbc27a4bed0deb,permanent,Others,
239,2019-01-01,3fdbc27a4bed0deb,temporary,Beans,
240,2019-01-01,3fdbc27a4bed0deb,temporary,Cassava,
241,2019-01-01,3fdbc27a4bed0deb,temporary,Corn,
242,2019-01-01,3fdbc27a4bed0deb,temporary,Rice,
243,2019-01-01,40abcc3eff7bcf73,pasture,Livestock,
244,2019-01-01,40abcc3eff7bcf73,permanent,Others,
245,2019-01-01,40abcc3eff7bcf73,temporary,Beans,
246,2019-01-01,40abcc3eff7bcf73,temporary,Cassava,
247,2019-01-01,40abcc3eff7bcf73,temporary,Corn,
248,2019-01-01,40abcc3eff7bcf73,temporary,Others,
249,2019-01-01,40abcc3eff7bcf73,temporary,Rice,
250,2019-01-01,41e0f8ccfe523e0d,pasture,Livestock,
251,2019-01-01,41e0f8ccfe523e0d,permanent,Açaí,
252,2019-01-01,41e0f8ccfe523e0d,permanent,Others,
253,2019-01-01,41e0f8ccfe523e0d,permanent,Palm oil,
254,2019-01-01,41e0f8ccfe523e0d,temporary,Beans,
255,2019-01-01,41e0f8ccfe523e0d,temporary,Cassava,
256,2019-01-01,41e0f8ccfe523e0d,temporary,Corn,
257,2019-01-01,41e0f8ccfe523e0d,temporary,Others,
258,2019-01-01,41e0f8ccfe523e0d,temporary,Rice,
259,2019-01-01,437130e27b6165ec,pasture,Livestock,
260,2019-01-01,437130e27b6165ec,permanent,Açaí,
261,2019-01-01,437130e27b6165ec,permanent,Others,
262,2019-01-01,437130e27b6165ec,temporary,Beans,
263,2019-01-01,437130e27b6165ec,temporary,Cassava,
264,2019-01-01,437130e27b6165ec,temporary,Corn,
265,2019-01-01,437130e27b6165ec,temporary,Others,
266,2019-01-01,437130e27b6165ec,temporary,Rice,
267,2019-01-01,44d800c11a5f3bfa,pasture,Livestock,
268,2019-01-01,44d800c11a5f3bfa,permanent,Açaí,
269,2019-01-01,44d800c11a5f3bfa,permanent,Cocoa,
270,2019-01-01,44d800c11a5f3bfa,permanent,Others,
271,2019-01-01,44d800c11a5f3bfa,temporary,Cassava,
272,2019-01-01,44d800c11a5f3bfa,temporary,Corn,
273,2019-01-01,44d800c11a5f3bfa,temporary,Rice,
274,2019-01-01,47564ef7b8c69829,pasture,Livestock,
275,2019-01-01,47564ef7b8c69829,permanent,Cocoa,
276,2019-01-01,47564ef7b8c69829,permanent,Others,
277,2019-01-01,47564ef7b8c69829,temporary,Beans,
278,2019-01-01,47564ef7b8c69829,temporary,Cassava,
279,2019-01-01,47564ef7b8c69829,temporary,Corn,
280,2019-01-01,47564ef7b8c69829,temporary,Others,
281,2019-01-01,47564ef7b8c69829,temporary,Rice,
282,2019-01-01,480b0f80325080af,pasture,Livestock,
283,2019-01-01,480b0f80325080af,permanent,Cocoa,
284,2019-01-01,480b0f80325080af,permanent,Others,
285,2019-01-01,480b0f80325080af,temporary,Beans,
286,2019-01-01,480b0f80325080af,temporary,Cassava,
287,2019-01-01,480b0f80325080af,temporary,Corn,
288,2019-01-01,480b0f80325080af,temporary,Others,
289,2019-01-01,480b0f80325080af,temporary,Rice,
290,2019-01-01,480b0f80325080af,temporary,Soy,
291,2019-01-01,4b530007d167bd54,pasture,Livestock,
292,2019-01-01,4b530007d167bd54,permanent,Açaí,
293,2019-01-01,4b530007d167bd54,permanent,Others,
294,2019-01-01,4b530007d167bd54,temporary,Beans,
295,2019-01-01,4b530007d167bd54,temporary,Cassava,
296,2019-01-01,4b530007d167bd54,temporary,Corn,
297,2019-01-01,4b530007d167bd54,temporary,Others,
298,2019-01-01,4b530007d167bd54,temporary,Rice,
299,2019-01-01,4c4428f2e4550a5a,pasture,Livestock,
300,2019-01-01,4c4428f2e4550a5a,permanent,Açaí,
301,2019-01-01,4c4428f2e4550a5a,permanent,Others,
302,2019-01-01,4c4428f2e4550a5a,temporary,Beans,
303,2019-01-01,4c4428f2e4550a5a,temporary,Cassava,
304,2019-01-01,4c4428f2e4550a5a,temporary,Corn,
305,2019-01-01,4c4428f2e4550a5a,temporary,Others,
306,2019-01-01,4c4428f2e4550a5a,temporary,Rice,
307,2019-01-01,4de42e351006a2ae,pasture,Livestock,
308,2019-01-01,505ceb6546aa8435,pasture,Livestock,
309,2019-01-01,505ceb6546aa8435,permanent,Açaí,
310,2019-01-01,505ceb6546aa8435,permanent,Others,
311,2019-01-01,505ceb6546aa8435,permanent,Palm oil,
312,2019-01-01,50a2afbdc678a65f,pasture,Livestock,
313,2019-01-01,50a2afbdc678a65f,permanent,Cocoa,
314,2019-01-01,50a2afbdc678a65f,permanent,Others,
315,2019-01-01,50a2afbdc678a65f,temporary,Beans,
316,2019-01-01,50a2afbdc678a65f,temporary,Cassava,
317,2019-01-01,50a2afbdc678a65f,temporary,Corn,
318,2019-01-01,50a2afbdc678a65f,temporary,Others,
319,2019-01-01,51db62cb09adc2e8,pasture,Livestock,
320,2019-01-01,51db62cb09adc2e8,permanent,Others,
321,2019-01-01,51db62cb09adc2e8,temporary,Beans,
322,2019-01-01,51db62cb09adc2e8,temporary,Cassava,
323,2019-01-01,51db62cb09adc2e8,temporary,Corn,
324,2019-01-01,51db62cb09adc2e8,temporary,Others,
325,2019-01-01,51db62cb09adc2e8,temporary,Rice,
326,2019-01-01,51db62cb09adc2e8,temporary,Soy,
327,2019-01-01,5214b514b5b440be,pasture,Livestock,
328,2019-01-01,5214b514b5b440be,permanent,Açaí,
329,2019-01-01,5214b514b5b440be,permanent,Others,
330,2019-01-01,5214b514b5b440be,temporary,Beans,
331,2019-01-01,5214b514b5b440be,temporary,Cassava,
332,2019-01-01,5214b514b5b440be,temporary,Corn,
333,2019-01-01,5214b514b5b440be,temporary,Others,
334,2019-01-01,5214b514b5b440be,temporary,Rice,
335,2019-01-01,56aa50429893f5ca,pasture,Livestock,
336,2019-01-01,56aa50429893f5ca,permanent,Others,
337,2019-01-01,56aa50429893f5ca,temporary,Beans,
338,2019-01-01,56aa50429893f5ca,temporary,Cassava,
339,2019-01-01,56aa50429893f5ca,temporary,Corn,
340,2019-01-01,56aa50429893f5ca,temporary,Rice,
341,2019-01-01,588162e9cdf5d66d,pasture,Livestock,
342,2019-01-01,588162e9cdf5d66d,permanent,Açaí,
343,2019-01-01,588162e9cdf5d66d,permanent,Others,
344,2019-01-01,588162e9cdf5d66d,temporary,Beans,
345,2019-01-01,588162e9cdf5d66d,temporary,Cassava,
346,2019-01-01,588162e9cdf5d66d,temporary,Corn,
347,2019-01-01,588162e9cdf5d66d,temporary,Others,
348,2019-01-01,588162e9cdf5d66d,temporary,Rice,
349,2019-01-01,588162e9cdf5d66d,temporary,Sorghum,
350,2019-01-01,588162e9cdf5d66d,temporary,Soy,
351,2019-01-01,5b3728d86ce29fd2,pasture,Livestock,
352,2019-01-01,5b3728d86ce29fd2,permanent,Açaí,
353,2019-01-01,5b3728d86ce29fd2,permanent,Others,
354,2019-01-01,5b3728d86ce29fd2,temporary,Beans,
355,2019-01-01,5b3728d86ce29fd2,temporary,Cassava,
356,2019-01-01,5b3728d86ce29fd2,temporary,Corn,
357,2019-01-01,5b6072f8f6d37acc,pasture,Livestock,
358,2019-01-01,5b6072f8f6d37acc,permanent,Açaí,
359,2019-01-01,5b6072f8f6d37acc,permanent,Cocoa,
360,2019-01-01,5b6072f8f6d37acc,permanent,Others,
361,2019-01-01,5b6072f8f6d37acc,temporary,Beans,
362,2019-01-01,5b6072f8f6d37acc,temporary,Cassava,
363,2019-01-01,5b6072f8f6d37acc,temporary,Corn,
364,2019-01-01,5b6072f8f6d37acc,temporary,Others,
365,2019-01-01,5b6072f8f6d37acc,temporary,Rice,
366,2019-01-01,5e1e131ec84f4c87,pasture,Livestock,
367,2019-01-01,5e1e131ec84f4c87,permanent,Others,
368,2019-01-01,5e1e131ec84f4c87,temporary,Beans,
369,2019-01-01,5e1e131ec84f4c87,temporary,Cassava,
370,2019-01-01,5e1e131ec84f4c87,temporary,Corn,
371,2019-01-01,5e1e131ec84f4c87,temporary,Rice,
372,2019-01-01,5e7093a1cd2a8779,pasture,Livestock,
373,2019-01-01,5e7093a1cd2a8779,permanent,Others,
374,2019-01-01,5e7093a1cd2a8779,temporary,Beans,
375,2019-01-01,5e7093a1cd2a8779,temporary,Cassava,
376,2019-01-01,5e7093a1cd2a8779,temporary,Corn,
377,2019-01-01,5e7093a1cd2a8779,temporary,Others,
378,2019-01-01,5e7093a1cd2a8779,temporary,Rice,
379,2019-01-01,60982e0f7928740a,pasture,Livestock,
380,2019-01-01,60982e0f7928740a,permanent,Açaí,
381,2019-01-01,60982e0f7928740a,permanent,Others,
382,2019-01-01,60982e0f7928740a,permanent,Palm oil,
383,2019-01-01,60982e0f7928740a,temporary,Beans,
384,2019-01-01,60982e0f7928740a,temporary,Cassava,
385,2019-01-01,60982e0f7928740a,temporary,Corn,
386,2019-01-01,60982e0f7928740a,temporary,Others,
387,2019-01-01,617532f74ef8ed73,pasture,Livestock,
388,2019-01-01,617532f74ef8ed73,permanent,Açaí,
389,2019-01-01,617532f74ef8ed73,permanent,Cocoa,
390,2019-01-01,617532f74ef8ed73,permanent,Others,
391,2019-01-01,617532f74ef8ed73,temporary,Beans,
392,2019-01-01,617532f74ef8ed73,temporary,Cassava,
393,2019-01-01,617532f74ef8ed73,temporary,Corn,
394,2019-01-01,617532f74ef8ed73,temporary,Others,
395,2019-01-01,617532f74ef8ed73,temporary,Rice,
396,2019-01-01,6471ede39ca61b39,pasture,Livestock,
397,2019-01-01,6471ede39ca61b39,permanent,Açaí,
398,2019-01-01,6471ede39ca61b39,permanent,Others,
399,2019-01-01,6471ede39ca61b39,temporary,Cassava,
400,2019-01-01,6471ede39ca61b39,temporary,Corn,
401,2019-01-01,6471ede39ca61b39,temporary,Others,
402,2019-01-01,6471ede39ca61b39,temporary,Rice,
403,2019-01-01,64a227aa24370b17,pasture,Livestock,
404,2019-01-01,64a227aa24370b17,permanent,Cocoa,
405,2019-01-01,64a227aa24370b17,permanent,Others,
406,2019-01-01,64a227aa24370b17,temporary,Beans,
407,2019-01-01,64a227aa24370b17,temporary,Cassava,
408,2019-01-01,64a227aa24370b17,temporary,Corn,
409,2019-01-01,64a227aa24370b17,temporary,Others,
410,2019-01-01,66fdcb391ed58d3d,pasture,Livestock,
411,2019-01-01,66fdcb391ed58d3d,permanent,Others,
412,2019-01-01,66fdcb391ed58d3d,temporary,Beans,
413,2019-01-01,66fdcb391ed58d3d,temporary,Cassava,
414,2019-01-01,66fdcb391ed58d3d,temporary,Corn,
415,2019-01-01,66fdcb391ed58d3d,temporary,Others,
416,2019-01-01,68f01d67ad163f32,pasture,Livestock,
417,2019-01-01,68f01d67ad163f32,permanent,Açaí,
418,2019-01-01,68f01d67ad163f32,permanent,Cocoa,
419,2019-01-01,68f01d67ad163f32,permanent,Others,
420,2019-01-01,68f01d67ad163f32,temporary,Cassava,
421,2019-01-01,68f01d67ad163f32,temporary,Corn,
422,2019-01-01,68f01d67ad163f32,temporary,Rice,
423,2019-01-01,6a7b8c3ab2bc6c38,pasture,Livestock,
424,2019-01-01,6a7b8c3ab2bc6c38,permanent,Others,
425,2019-01-01,6a7b8c3ab2bc6c38,temporary,Beans,
426,2019-01-01,6a7b8c3ab2bc6c38,temporary,Cassava,
427,2019-01-01,6a7b8c3ab2bc6c38,temporary,Corn,
428,2019-01-01,6cce2bf873870afc,pasture,Livestock,
429,2019-01-01,6cce2bf873870afc,permanent,Açaí,
430,2019-01-01,6cce2bf873870afc,permanent,Cocoa,
431,2019-01-01,6cce2bf873870afc,permanent,Others,
432,2019-01-01,6cce2bf873870afc,permanent,Palm oil,
433,2019-01-01,6cce2bf873870afc,temporary,Beans,
434,2019-01-01,6cce2bf873870afc,temporary,Cassava,
435,2019-01-01,6cce2bf873870afc,temporary,Corn,
436,2019-01-01,6cce2bf873870afc,temporary,Rice,
437,2019-01-01,6f911ef231b0efa7,pasture,Livestock,
438,2019-01-01,6f911ef231b0efa7,permanent,Others,
439,2019-01-01,6f911ef231b0efa7,temporary,Cassava,
440,2019-01-01,6f911ef231b0efa7,temporary,Corn,
441,2019-01-01,6f911ef231b0efa7,temporary,Others,
442,2019-01-01,6f911ef231b0efa7,temporary,Rice,
443,2019-01-01,6f911ef231b0efa7,temporary,Soy,
444,2019-01-01,70a4c62beba3c168,pasture,Livestock,
445,2019-01-01,70a4c62beba3c168,permanent,Açaí,
446,2019-01-01,70a4c62beba3c168,permanent,Cocoa,
447,2019-01-01,70a4c62beba3c168,permanent,Others,
448,2019-01-01,70a4c62beba3c168,permanent,Palm oil,
449,2019-01-01,70a4c62beba3c168,temporary,Beans,
450,2019-01-01,70a4c62beba3c168,temporary,Cassava,
451,2019-01-01,70a4c62beba3c168,temporary,Corn,
452,2019-01-01,70a4c62beba3c168,temporary,Others,
453,2019-01-01,70a4c62beba3c168,temporary,Rice,
454,2019-01-01,71975b563db10671,pasture,Livestock,
455,2019-01-01,71975b563db10671,permanent,Cocoa,
456,2019-01-01,71975b563db10671,permanent,Others,
457,2019-01-01,71975b563db10671,temporary,Beans,
458,2019-01-01,71975b563db10671,temporary,Cassava,
459,2019-01-01,71975b563db10671,temporary,Corn,
460,2019-01-01,71975b563db10671,temporary,Rice,
461,2019-01-01,72b65b337fc5302a,pasture,Livestock,
462,2019-01-01,72b65b337fc5302a,permanent,Açaí,
463,2019-01-01,72b65b337fc5302a,permanent,Others,
464,2019-01-01,72b65b337fc5302a,temporary,Beans,
465,2019-01-01,72b65b337fc5302a,temporary,Cassava,
466,2019-01-01,72b65b337fc5302a,temporary,Others,
467,2019-01-01,746cc42bfb8f6b62,pasture,Livestock,
468,2019-01-01,746cc42bfb8f6b62,permanent,Others,
469,2019-01-01,746cc42bfb8f6b62,temporary,Beans,
470,2019-01-01,746cc42bfb8f6b62,temporary,Cassava,
471,2019-01-01,746cc42bfb8f6b62,temporary,Corn,
472,2019-01-01,746cc42bfb8f6b62,temporary,Rice,
473,2019-01-01,74d75dde6dc4a5ec,pasture,Livestock,
474,2019-01-01,74d75dde6dc4a5ec,permanent,Açaí,
475,2019-01-01,74d75dde6dc4a5ec,permanent,Others,
476,2019-01-01,74d75dde6dc4a5ec,temporary,Beans,
477,2019-01-01,74d75dde6dc4a5ec,temporary,Cassava,
478,2019-01-01,74d75dde6dc4a5ec,temporary,Corn,
479,2019-01-01,74d75dde6dc4a5ec,temporary,Others,
480,2019-01-01,74d75dde6dc4a5ec,temporary,Rice,
481,2019-01-01,764cd56389d50070,pasture,Livestock,
482,2019-01-01,764cd56389d50070,permanent,Others,
483,2019-01-01,764cd56389d50070,temporary,Beans,
484,2019-01-01,764cd56389d50070,temporary,Cassava,
485,2019-01-01,764cd56389d50070,temporary,Corn,
486,2019-01-01,764cd56389d50070,temporary,Others,
487,2019-01-01,764cd56389d50070,temporary,Rice,
488,2019-01-01,773cbe24d8fc9fea,pasture,Livestock,
489,2019-01-01,77c880feff17c521,pasture,Livestock,
490,2019-01-01,77c880feff17c521,permanent,Açaí,
491,2019-01-01,77c880feff17c521,permanent,Cocoa,
492,2019-01-01,77c880feff17c521,permanent,Others,
493,2019-01-01,77c880feff17c521,temporary,Beans,
494,2019-01-01,77c880feff17c521,temporary,Cassava,
495,2019-01-01,77c880feff17c521,temporary,Corn,
496,2019-01-01,77c880feff17c521,temporary,Others,
497,2019-01-01,77c880feff17c521,temporary,Rice,
498,2019-01-01,77c880feff17c521,temporary,Soy,
499,2019-01-01,782568ced6ad8838,pasture,Livestock,
500,2019-01-01,782568ced6ad8838,permanent,Others,
501,2019-01-01,782568ced6ad8838,temporary,Beans,
502,2019-01-01,782568ced6ad8838,temporary,Cassava,
503,2019-01-01,782568ced6ad8838,temporary,Corn,
504,2019-01-01,782568ced6ad8838,temporary,Others,
505,2019-01-01,782568ced6ad8838,temporary,Rice,
506,2019-01-01,782568ced6ad8838,temporary,Soy,
507,2019-01-01,783dbed4df67af9f,pasture,Livestock,
508,2019-01-01,783dbed4df67af9f,permanent,Cocoa,
509,2019-01-01,783dbed4df67af9f,permanent,Others,
510,2019-01-01,783dbed4df67af9f,temporary,Beans,
511,2019-01-01,783dbed4df67af9f,temporary,Cassava,
512,2019-01-01,783dbed4df67af9f,temporary,Corn,
513,2019-01-01,783dbed4df67af9f,temporary,Others,
514,2019-01-01,783dbed4df67af9f,temporary,Rice,
515,2019-01-01,783dbed4df67af9f,temporary,Soy,
516,2019-01-01,7926ffd2861f8dbc,pasture,Livestock,
517,2019-01-01,7926ffd2861f8dbc,permanent,Others,
518,2019-01-01,7926ffd2861f8dbc,temporary,Beans,
519,2019-01-01,7926ffd2861f8dbc,temporary,Cassava,
520,2019-01-01,7926ffd2861f8dbc,temporary,Corn,
521,2019-01-01,7926ffd2861f8dbc,temporary,Others,
522,2019-01-01,7b95e27ce402e6e5,pasture,Livestock,
523,2019-01-01,7b95e27ce402e6e5,permanent,Others,
524,2019-01-01,7b95e27ce402e6e5,temporary,Beans,
525,2019-01-01,7b95e27ce402e6e5,temporary,Cassava,
526,2019-01-01,7b95e27ce402e6e5,temporary,Corn,
527,2019-01-01,7b95e27ce402e6e5,temporary,Others,
528,2019-01-01,7b95e27ce402e6e5,temporary,Rice,
529,2019-01-01,7e56bd83460aabc7,pasture,Livestock,
530,2019-01-01,7e56bd83460aabc7,permanent,Açaí,
531,2019-01-01,7e56bd83460aabc7,permanent,Cocoa,
532,2019-01-01,7e56bd83460aabc7,permanent,Others,
533,2019-01-01,7e56bd83460aabc7,temporary,Beans,
534,2019-01-01,7e56bd83460aabc7,temporary,Cassava,
535,2019-01-01,7e56bd83460aabc7,temporary,Corn,
536,2019-01-01,7e56bd83460aabc7,temporary,Others,
537,2019-01-01,7e56bd83460aabc7,temporary,Rice,
538,2019-01-01,7f076b180f941ec8,pasture,Livestock,
539,2019-01-01,7f076b180f941ec8,permanent,Others,
540,2019-01-01,7f076b180f941ec8,temporary,Beans,
541,2019-01-01,7f076b180f941ec8,temporary,Cassava,
542,2019-01-01,7f076b180f941ec8,temporary,Corn,
543,2019-01-01,7f076b180f941ec8,temporary,Others,
544,2019-01-01,7f076b180f941ec8,temporary,Rice,
545,2019-01-01,7f076b180f941ec8,temporary,Soy,
546,2019-01-01,807c5037e6993f2c,pasture,Livestock,
547,2019-01-01,807c5037e6993f2c,permanent,Others,
548,2019-01-01,807c5037e6993f2c,temporary,Beans,
549,2019-01-01,807c5037e6993f2c,temporary,Cassava,
550,2019-01-01,807c5037e6993f2c,temporary,Corn,
551,2019-01-01,807c5037e6993f2c,temporary,Others,
552,2019-01-01,807c5037e6993f2c,temporary,Rice,
553,2019-01-01,807c5037e6993f2c,temporary,Soy,
554,2019-01-01,80e8ffb027590a74,pasture,Livestock,
555,2019-01-01,80e8ffb027590a74,permanent,Açaí,
556,2019-01-01,80e8ffb027590a74,permanent,Cocoa,
557,2019-01-01,80e8ffb027590a74,permanent,Others,
558,2019-01-01,80e8ffb027590a74,temporary,Beans,
559,2019-01-01,80e8ffb027590a74,temporary,Cassava,
560,2019-01-01,80e8ffb027590a74,temporary,Corn,
561,2019-01-01,80e8ffb027590a74,temporary,Others,
562,2019-01-01,80e8ffb027590a74,temporary,Rice,
563,2019-01-01,841ef18dcb3dbc3e,pasture,Livestock,
564,2019-01-01,841ef18dcb3dbc3e,permanent,Açaí,
565,2019-01-01,841ef18dcb3dbc3e,permanent,Others,
566,2019-01-01,841ef18dcb3dbc3e,permanent,Palm oil,
567,2019-01-01,841ef18dcb3dbc3e,temporary,Beans,
568,2019-01-01,841ef18dcb3dbc3e,temporary,Cassava,
569,2019-01-01,841ef18dcb3dbc3e,temporary,Corn,
570,2019-01-01,841ef18dcb3dbc3e,temporary,Others,
571,2019-01-01,855f882ce507aba5,pasture,Livestock,
572,2019-01-01,855f882ce507aba5,permanent,Açaí,
573,2019-01-01,855f882ce507aba5,permanent,Cocoa,
574,2019-01-01,855f882ce507aba5,permanent,Others,
575,2019-01-01,855f882ce507aba5,temporary,Beans,
576,2019-01-01,855f882ce507aba5,temporary,Cassava,
577,2019-01-01,855f882ce507aba5,temporary,Corn,
578,2019-01-01,855f882ce507aba5,temporary,Others,
579,2019-01-01,855f882ce507aba5,temporary,Rice,
580,2019-01-01,857b720c7c979ae1,pasture,Livestock,
581,2019-01-01,857b720c7c979ae1,permanent,Açaí,
582,2019-01-01,857b720c7c979ae1,temporary,Corn,
583,2019-01-01,857b720c7c979ae1,temporary,Rice,
584,2019-01-01,85adcb13676b6172,pasture,Livestock,
585,2019-01-01,8683715784c40f0f,pasture,Livestock,
586,2019-01-01,86d92d4b0a058014,pasture,Livestock,
587,2019-01-01,86d92d4b0a058014,permanent,Açaí,
588,2019-01-01,86d92d4b0a058014,permanent,Others,
589,2019-01-01,86d92d4b0a058014,temporary,Beans,
590,2019-01-01,86d92d4b0a058014,temporary,Cassava,
591,2019-01-01,86d92d4b0a058014,temporary,Corn,
592,2019-01-01,86d92d4b0a058014,temporary,Rice,
593,2019-01-01,878bd5338ba55697,pasture,Livestock,
594,2019-01-01,878bd5338ba55697,permanent,Açaí,
595,2019-01-01,878bd5338ba55697,permanent,Cocoa,
596,2019-01-01,878bd5338ba55697,permanent,Others,
597,2019-01-01,878bd5338ba55697,temporary,Beans,
598,2019-01-01,878bd5338ba55697,temporary,Cassava,
599,2019-01-01,878bd5338ba55697,temporary,Corn,
600,2019-01-01,878bd5338ba55697,temporary,Others,
601,2019-01-01,878bd5338ba55697,temporary,Rice,
602,2019-01-01,8910840651ee3971,pasture,Livestock,
603,2019-01-01,8910840651ee3971,permanent,Açaí,
604,2019-01-01,8910840651ee3971,permanent,Cocoa,
605,2019-01-01,8910840651ee3971,permanent,Others,
606,2019-01-01,8910840651ee3971,temporary,Beans,
607,2019-01-01,8910840651ee3971,temporary,Cassava,
608,2019-01-01,8910840651ee3971,temporary,Corn,
609,2019-01-01,8910840651ee3971,temporary,Others,
610,2019-01-01,8910840651ee3971,temporary,Rice,
611,2019-01-01,8a4ab531676691da,pasture,Livestock,
612,2019-01-01,8a4ab531676691da,permanent,Açaí,
613,2019-01-01,8a4ab531676691da,permanent,Others,
614,2019-01-01,8a4ab531676691da,temporary,Cassava,
615,2019-01-01,8a4ab531676691da,temporary,Corn,
616,2019-01-01,8a4ab531676691da,temporary,Others,
617,2019-01-01,8a4ab531676691da,temporary,Rice,
618,2019-01-01,8a4ab531676691da,temporary,Soy,
619,2019-01-01,8ca7766621b0ffe9,pasture,Livestock,
620,2019-01-01,8ca7766621b0ffe9,permanent,Others,
621,2019-01-01,8ca7766621b0ffe9,temporary,Beans,
622,2019-01-01,8ca7766621b0ffe9,temporary,Cassava,
623,2019-01-01,8ca7766621b0ffe9,temporary,Corn,
624,2019-01-01,8ca7766621b0ffe9,temporary,Others,
625,2019-01-01,8ca7766621b0ffe9,temporary,Rice,
626,2019-01-01,8ca7766621b0ffe9,temporary,Soy,
627,2019-01-01,8e0eb10270d768f8,pasture,Livestock,
628,2019-01-01,8e0eb10270d768f8,permanent,Açaí,
629,2019-01-01,8e0eb10270d768f8,permanent,Others,
630,2019-01-01,8e0eb10270d768f8,temporary,Cassava,
631,2019-01-01,8e0eb10270d768f8,temporary,Corn,
632,2019-01-01,8e0eb10270d768f8,temporary,Rice,
633,2019-01-01,8e0eb10270d768f8,temporary,Soy,
634,2019-01-01,8ef25b4985bc557a,pasture,Livestock,
635,2019-01-01,8ef25b4985bc557a,permanent,Açaí,
636,2019-01-01,8ef25b4985bc557a,permanent,Cocoa,
637,2019-01-01,8ef25b4985bc557a,permanent,Others,
638,2019-01-01,8ef25b4985bc557a,temporary,Beans,
639,2019-01-01,8ef25b4985bc557a,temporary,Cassava,
640,2019-01-01,8ef25b4985bc557a,temporary,Corn,
641,2019-01-01,8ef25b4985bc557a,temporary,Others,
642,2019-01-01,8ef25b4985bc557a,temporary,Rice,
643,2019-01-01,902f3a9003f7e637,pasture,Livestock,
644,2019-01-01,902f3a9003f7e637,permanent,Açaí,
645,2019-01-01,902f3a9003f7e637,permanent,Cocoa,
646,2019-01-01,902f3a9003f7e637,permanent,Others,
647,2019-01-01,902f3a9003f7e637,permanent,Palm oil,
648,2019-01-01,902f3a9003f7e637,temporary,Beans,
649,2019-01-01,902f3a9003f7e637,temporary,Cassava,
650,2019-01-01,902f3a9003f7e637,temporary,Corn,
651,2019-01-01,902f3a9003f7e637,temporary,Others,
652,2019-01-01,93656feaf53efbef,pasture,Livestock,
653,2019-01-01,93656feaf53efbef,permanent,Açaí,
654,2019-01-01,93656feaf53efbef,permanent,Others,
655,2019-01-01,93656feaf53efbef,permanent,Palm oil,
656,2019-01-01,93656feaf53efbef,temporary,Beans,
657,2019-01-01,93656feaf53efbef,temporary,Cassava,
658,2019-01-01,93656feaf53efbef,temporary,Corn,
659,2019-01-01,93656feaf53efbef,temporary,Others,
660,2019-01-01,960b4f2c94a2fb2c,pasture,Livestock,
661,2019-01-01,960b4f2c94a2fb2c,permanent,Açaí,
662,2019-01-01,960b4f2c94a2fb2c,permanent,Cocoa,
663,2019-01-01,960b4f2c94a2fb2c,permanent,Others,
664,2019-01-01,960b4f2c94a2fb2c,permanent,Palm oil,
665,2019-01-01,960b4f2c94a2fb2c,temporary,Beans,
666,2019-01-01,960b4f2c94a2fb2c,temporary,Cassava,
667,2019-01-01,960b4f2c94a2fb2c,temporary,Corn,
668,2019-01-01,960b4f2c94a2fb2c,temporary,Others,
669,2019-01-01,9bc907eeb9e3fc52,pasture,Livestock,
670,2019-01-01,9bc907eeb9e3fc52,permanent,Others,
671,2019-01-01,9bc907eeb9e3fc52,temporary,Cassava,
672,2019-01-01,9bc907eeb9e3fc52,temporary,Corn,
673,2019-01-01,9bd4f108a319de42,pasture,Livestock,
674,2019-01-01,9bd4f108a319de42,permanent,Açaí,
675,2019-01-01,9bd4f108a319de42,temporary,Cassava,
676,2019-01-01,9bd4f108a319de42,temporary,Others,
677,2019-01-01,9bd4f108a319de42,temporary,Rice,
678,2019-01-01,9ce50fa197613de1,pasture,Livestock,
679,2019-01-01,9ce50fa197613de1,permanent,Açaí,
680,2019-01-01,9ce50fa197613de1,permanent,Others,
681,2019-01-01,9ce50fa197613de1,temporary,Beans,
682,2019-01-01,9ce50fa197613de1,temporary,Cassava,
683,2019-01-01,9ce50fa197613de1,temporary,Corn,
684,2019-01-01,9d8776ac0a78d908,pasture,Livestock,
685,2019-01-01,9d8776ac0a78d908,permanent,Açaí,
686,2019-01-01,9d8776ac0a78d908,permanent,Others,
687,2019-01-01,9d8776ac0a78d908,temporary,Cassava,
688,2019-01-01,a18af8fbae254d86,pasture,Livestock,
689,2019-01-01,a18af8fbae254d86,permanent,Others,
690,2019-01-01,a18af8fbae254d86,temporary,Cassava,
691,2019-01-01,a18af8fbae254d86,temporary,Corn,
692,2019-01-01,a18af8fbae254d86,temporary,Others,
693,2019-01-01,a1b03f0e4d79b4fe,pasture,Livestock,
694,2019-01-01,a1b03f0e4d79b4fe,permanent,Açaí,
695,2019-01-01,a1b03f0e4d79b4fe,permanent,Cocoa,
696,2019-01-01,a1b03f0e4d79b4fe,permanent,Others,
697,2019-01-01,a1b03f0e4d79b4fe,temporary,Cassava,
698,2019-01-01,a1b03f0e4d79b4fe,temporary,Corn,
699,2019-01-01,a1b03f0e4d79b4fe,temporary,Others,
700,2019-01-01,a245de687a867003,pasture,Livestock,
701,2019-01-01,a245de687a867003,permanent,Açaí,
702,2019-01-01,a245de687a867003,temporary,Cassava,
703,2019-01-01,a454a6655aaaaaed,pasture,Livestock,
704,2019-01-01,a454a6655aaaaaed,permanent,Açaí,
705,2019-01-01,a454a6655aaaaaed,permanent,Others,
706,2019-01-01,a454a6655aaaaaed,permanent,Palm oil,
707,2019-01-01,a454a6655aaaaaed,temporary,Beans,
708,2019-01-01,a454a6655aaaaaed,temporary,Cassava,
709,2019-01-01,a454a6655aaaaaed,temporary,Corn,
710,2019-01-01,a454a6655aaaaaed,temporary,Others,
711,2019-01-01,a4d1e1ff1bc3b830,pasture,Livestock,
712,2019-01-01,a4d1e1ff1bc3b830,permanent,Others,
713,2019-01-01,a4d1e1ff1bc3b830,permanent,Palm oil,
714,2019-01-01,a4d1e1ff1bc3b830,temporary,Cassava,
715,2019-01-01,a4d1e1ff1bc3b830,temporary,Corn,
716,2019-01-01,a51be58f39d1d625,pasture,Livestock,
717,2019-01-01,a51be58f39d1d625,permanent,Açaí,
718,2019-01-01,a51be58f39d1d625,permanent,Others,
719,2019-01-01,a51be58f39d1d625,temporary,Beans,
720,2019-01-01,a51be58f39d1d625,temporary,Cassava,
721,2019-01-01,a51be58f39d1d625,temporary,Corn,
722,2019-01-01,a51be58f39d1d625,temporary,Others,
723,2019-01-01,a51be58f39d1d625,temporary,Rice,
724,2019-01-01,a7187a1b5b870cf4,pasture,Livestock,
725,2019-01-01,ab984377b2dc0284,pasture,Livestock,
726,2019-01-01,ab984377b2dc0284,permanent,Açaí,
727,2019-01-01,ab984377b2dc0284,permanent,Cocoa,
728,2019-01-01,ab984377b2dc0284,permanent,Others,
729,2019-01-01,ab984377b2dc0284,temporary,Beans,
730,2019-01-01,ab984377b2dc0284,temporary,Cassava,
731,2019-01-01,ab984377b2dc0284,temporary,Corn,
732,2019-01-01,ab984377b2dc0284,temporary,Others,
733,2019-01-01,abcadd700f8948e3,pasture,Livestock,
734,2019-01-01,abcadd700f8948e3,permanent,Others,
735,2019-01-01,abcadd700f8948e3,temporary,Beans,
736,2019-01-01,abcadd700f8948e3,temporary,Cassava,
737,2019-01-01,abcadd700f8948e3,temporary,Corn,
738,2019-01-01,abcadd700f8948e3,temporary,Others,
739,2019-01-01,abcadd700f8948e3,temporary,Rice,
740,2019-01-01,ad622472210b0b57,pasture,Livestock,
741,2019-01-01,ad622472210b0b57,permanent,Açaí,
742,2019-01-01,ad622472210b0b57,permanent,Others,
743,2019-01-01,ad622472210b0b57,temporary,Beans,
744,2019-01-01,ad622472210b0b57,temporary,Cassava,
745,2019-01-01,ad622472210b0b57,temporary,Corn,
746,2019-01-01,ad622472210b0b57,temporary,Others,
747,2019-01-01,ad622472210b0b57,temporary,Rice,
748,2019-01-01,ae345f007f327b22,pasture,Livestock,
749,2019-01-01,ae345f007f327b22,permanent,Açaí,
750,2019-01-01,ae345f007f327b22,permanent,Cocoa,
751,2019-01-01,ae345f007f327b22,permanent,Others,
752,2019-01-01,ae345f007f327b22,temporary,Beans,
753,2019-01-01,ae345f007f327b22,temporary,Cassava,
754,2019-01-01,ae345f007f327b22,temporary,Corn,
755,2019-01-01,ae345f007f327b22,temporary,Others,
756,2019-01-01,ae345f007f327b22,temporary,Rice,
757,2019-01-01,b0e4b4b27117562a,pasture,Livestock,
758,2019-01-01,b0e4b4b27117562a,permanent,Cocoa,
759,2019-01-01,b0e4b4b27117562a,permanent,Others,
760,2019-01-01,b0e4b4b27117562a,temporary,Beans,
761,2019-01-01,b0e4b4b27117562a,temporary,Cassava,
762,2019-01-01,b0e4b4b27117562a,temporary,Corn,
763,2019-01-01,b0e4b4b27117562a,temporary,Others,
764,2019-01-01,b0e4b4b27117562a,temporary,Rice,
765,2019-01-01,b4829f1e221d9778,pasture,Livestock,
766,2019-01-01,b4829f1e221d9778,permanent,Açaí,
767,2019-01-01,b4829f1e221d9778,permanent,Others,
768,2019-01-01,b4829f1e221d9778,temporary,Beans,
769,2019-01-01,b4829f1e221d9778,temporary,Cassava,
770,2019-01-01,b4829f1e221d9778,temporary,Corn,
771,2019-01-01,b4829f1e221d9778,temporary,Others,
772,2019-01-01,b4829f1e221d9778,temporary,Rice,
773,2019-01-01,b4bb04d2a6472ea0,pasture,Livestock,
774,2019-01-01,b4bb04d2a6472ea0,permanent,Açaí,
775,2019-01-01,b4bb04d2a6472ea0,permanent,Others,
776,2019-01-01,b4bb04d2a6472ea0,temporary,Beans,
777,2019-01-01,b4bb04d2a6472ea0,temporary,Cassava,
778,2019-01-01,b4bb04d2a6472ea0,temporary,Corn,
779,2019-01-01,b4bb04d2a6472ea0,temporary,Others,
780,2019-01-01,b73e63cd3a2904c9,pasture,Livestock,
781,2019-01-01,b73e63cd3a2904c9,permanent,Others,
782,2019-01-01,b73e63cd3a2904c9,temporary,Beans,
783,2019-01-01,b73e63cd3a2904c9,temporary,Cassava,
784,2019-01-01,b73e63cd3a2904c9,temporary,Corn,
785,2019-01-01,b73e63cd3a2904c9,temporary,Others,
786,2019-01-01,b73e63cd3a2904c9,temporary,Rice,
787,2019-01-01,ba23b66825fc1c91,pasture,Livestock,
788,2019-01-01,ba23b66825fc1c91,permanent,Açaí,
789,2019-01-01,ba23b66825fc1c91,permanent,Others,
790,2019-01-01,ba23b66825fc1c91,temporary,Beans,
791,2019-01-01,ba23b66825fc1c91,temporary,Cassava,
792,2019-01-01,ba23b66825fc1c91,temporary,Corn,
793,2019-01-01,ba23b66825fc1c91,temporary,Others,
794,2019-01-01,ba23b66825fc1c91,temporary,Rice,
795,2019-01-01,ba4547c678a9a2e6,pasture,Livestock,
796,2019-01-01,ba4547c678a9a2e6,permanent,Açaí,
797,2019-01-01,ba4547c678a9a2e6,permanent,Others,
798,2019-01-01,ba4547c678a9a2e6,permanent,Palm oil,
799,2019-01-01,ba4547c678a9a2e6,temporary,Beans,
800,2019-01-01,ba4547c678a9a2e6,temporary,Cassava,
801,2019-01-01,ba4547c678a9a2e6,temporary,Corn,
802,2019-01-01,ba4547c678a9a2e6,temporary,Others,
803,2019-01-01,bce36d2f8aa39d8b,pasture,Livestock,
804,2019-01-01,bce36d2f8aa39d8b,permanent,Cocoa,
805,2019-01-01,bce36d2f8aa39d8b,permanent,Others,
806,2019-01-01,bce36d2f8aa39d8b,temporary,Beans,
807,2019-01-01,bce36d2f8aa39d8b,temporary,Cassava,
808,2019-01-01,bce36d2f8aa39d8b,temporary,Corn,
809,2019-01-01,bce36d2f8aa39d8b,temporary,Others,
810,2019-01-01,bce36d2f8aa39d8b,temporary,Rice,
811,2019-01-01,bce36d2f8aa39d8b,temporary,Soy,
812,2019-01-01,be4424aa54f8d2ae,pasture,Livestock,
813,2019-01-01,be4424aa54f8d2ae,permanent,Açaí,
814,2019-01-01,be4424aa54f8d2ae,permanent,Cocoa,
815,2019-01-01,be4424aa54f8d2ae,permanent,Others,
816,2019-01-01,be4424aa54f8d2ae,permanent,Palm oil,
817,2019-01-01,be4424aa54f8d2ae,temporary,Beans,
818,2019-01-01,be4424aa54f8d2ae,temporary,Cassava,
819,2019-01-01,be4424aa54f8d2ae,temporary,Corn,
820,2019-01-01,be4424aa54f8d2ae,temporary,Others,
821,2019-01-01,be4424aa54f8d2ae,temporary,Rice,
822,2019-01-01,be4424aa54f8d2ae,temporary,Soy,
823,2019-01-01,be8a37473dc63db0,pasture,Livestock,
824,2019-01-01,be8a37473dc63db0,permanent,Açaí,
825,2019-01-01,be8a37473dc63db0,permanent,Cocoa,
826,2019-01-01,be8a37473dc63db0,permanent,Others,
827,2019-01-01,be8a37473dc63db0,temporary,Beans,
828,2019-01-01,be8a37473dc63db0,temporary,Cassava,
829,2019-01-01,be8a37473dc63db0,temporary,Corn,
830,2019-01-01,be8a37473dc63db0,temporary,Others,
831,2019-01-01,be8a37473dc63db0,temporary,Rice,
832,2019-01-01,be8a37473dc63db0,temporary,Soy,
833,2019-01-01,c0019c9a4b4819f2,pasture,Livestock,
834,2019-01-01,c0019c9a4b4819f2,permanent,Açaí,
835,2019-01-01,c0019c9a4b4819f2,permanent,Cocoa,
836,2019-01-01,c0019c9a4b4819f2,permanent,Others,
837,2019-01-01,c0019c9a4b4819f2,temporary,Beans,
838,2019-01-01,c0019c9a4b4819f2,temporary,Corn,
839,2019-01-01,c118b149223ba711,pasture,Livestock,
840,2019-01-01,c118b149223ba711,permanent,Others,
841,2019-01-01,c118b149223ba711,temporary,Cassava,
842,2019-01-01,c129d0cd5f1afd51,pasture,Livestock,
843,2019-01-01,c129d0cd5f1afd51,permanent,Açaí,
844,2019-01-01,c129d0cd5f1afd51,permanent,Cocoa,
845,2019-01-01,c129d0cd5f1afd51,permanent,Others,
846,2019-01-01,c129d0cd5f1afd51,temporary,Cassava,
847,2019-01-01,c129d0cd5f1afd51,temporary,Corn,
848,2019-01-01,c129d0cd5f1afd51,temporary,Rice,
849,2019-01-01,c45d8ddba643c0d7,pasture,Livestock,
850,2019-01-01,c45d8ddba643c0d7,permanent,Açaí,
851,2019-01-01,c45d8ddba643c0d7,permanent,Others,
852,2019-01-01,c45d8ddba643c0d7,permanent,Palm oil,
853,2019-01-01,c45d8ddba643c0d7,temporary,Cassava,
854,2019-01-01,c45d8ddba643c0d7,temporary,Others,
855,2019-01-01,cb23149538de1c42,pasture,Livestock,
856,2019-01-01,cb23149538de1c42,permanent,Others,
857,2019-01-01,cb23149538de1c42,temporary,Beans,
858,2019-01-01,cb23149538de1c42,temporary,Cassava,
859,2019-01-01,cb23149538de1c42,temporary,Corn,
860,2019-01-01,cb23149538de1c42,temporary,Others,
861,2019-01-01,cb23149538de1c42,temporary,Rice,
862,2019-01-01,cdc89121a4b9478b,pasture,Livestock,
863,2019-01-01,cdc89121a4b9478b,permanent,Others,
864,2019-01-01,cdc89121a4b9478b,temporary,Beans,
865,2019-01-01,cdc89121a4b9478b,temporary,Cassava,
866,2019-01-01,cdc89121a4b9478b,temporary,Corn,
867,2019-01-01,cdc89121a4b9478b,temporary,Others,
868,2019-01-01,cdc89121a4b9478b,temporary,Rice,
869,2019-01-01,cdc89121a4b9478b,temporary,Soy,
870,2019-01-01,cead2cbd1f8f0b86,pasture,Livestock,
871,2019-01-01,cead2cbd1f8f0b86,permanent,Açaí,
872,2019-01-01,cead2cbd1f8f0b86,permanent,Others,
873,2019-01-01,cead2cbd1f8f0b86,temporary,Beans,
874,2019-01-01,cead2cbd1f8f0b86,temporary,Cassava,
875,2019-01-01,cead2cbd1f8f0b86,temporary,Corn,
876,2019-01-01,cead2cbd1f8f0b86,temporary,Others,
877,2019-01-01,cead2cbd1f8f0b86,temporary,Rice,
878,2019-01-01,cead2cbd1f8f0b86,temporary,Soy,
879,2019-01-01,cf96db4cc35ea025,pasture,Livestock,
880,2019-01-01,d0f5f5b9fcecb0d8,pasture,Livestock,
881,2019-01-01,d0f5f5b9fcecb0d8,permanent,Others,
882,2019-01-01,d0f5f5b9fcecb0d8,permanent,Palm oil,
883,2019-01-01,d0f5f5b9fcecb0d8,temporary,Beans,
884,2019-01-01,d0f5f5b9fcecb0d8,temporary,Cassava,
885,2019-01-01,d0f5f5b9fcecb0d8,temporary,Corn,
886,2019-01-01,d0f5f5b9fcecb0d8,temporary,Others,
887,2019-01-01,d0f5f5b9fcecb0d8,temporary,Rice,
888,2019-01-01,d42d0e216f57b2ae,pasture,Livestock,
889,2019-01-01,d42d0e216f57b2ae,permanent,Açaí,
890,2019-01-01,d42d0e216f57b2ae,permanent,Others,
891,2019-01-01,d42d0e216f57b2ae,temporary,Cassava,
892,2019-01-01,d42d0e216f57b2ae,temporary,Corn,
893,2019-01-01,d6f1f98b1745e004,pasture,Livestock,
894,2019-01-01,d6f1f98b1745e004,permanent,Cocoa,
895,2019-01-01,d6f1f98b1745e004,permanent,Others,
896,2019-01-01,d6f1f98b1745e004,temporary,Beans,
897,2019-01-01,d6f1f98b1745e004,temporary,Cassava,
898,2019-01-01,d6f1f98b1745e004,temporary,Corn,
899,2019-01-01,d6f1f98b1745e004,temporary,Others,
900,2019-01-01,d6f1f98b1745e004,temporary,Rice,
901,2019-01-01,d6ffd6d7dfe22d57,pasture,Livestock,
902,2019-01-01,d6ffd6d7dfe22d57,permanent,Açaí,
903,2019-01-01,d6ffd6d7dfe22d57,permanent,Others,
904,2019-01-01,d6ffd6d7dfe22d57,temporary,Beans,
905,2019-01-01,d6ffd6d7dfe22d57,temporary,Cassava,
906,2019-01-01,d6ffd6d7dfe22d57,temporary,Corn,
907,2019-01-01,d6ffd6d7dfe22d57,temporary,Rice,
908,2019-01-01,de1994d393ef525a,pasture,Livestock,
909,2019-01-01,de1994d393ef525a,permanent,Cocoa,
910,2019-01-01,de1994d393ef525a,permanent,Others,
911,2019-01-01,de1994d393ef525a,temporary,Cassava,
912,2019-01-01,de1994d393ef525a,temporary,Corn,
913,2019-01-01,de1994d393ef525a,temporary,Rice,
914,2019-01-01,df19203419d2ea64,pasture,Livestock,
915,2019-01-01,df19203419d2ea64,permanent,Açaí,
916,2019-01-01,df19203419d2ea64,permanent,Cocoa,
917,2019-01-01,df19203419d2ea64,permanent,Others,
918,2019-01-01,df19203419d2ea64,temporary,Beans,
919,2019-01-01,df19203419d2ea64,temporary,Cassava,
920,2019-01-01,df19203419d2ea64,temporary,Corn,
921,2019-01-01,df19203419d2ea64,temporary,Others,
922,2019-01-01,df19203419d2ea64,temporary,Rice,
923,2019-01-01,df2cd1cbe849ebd0,pasture,Livestock,
924,2019-01-01,df2cd1cbe849ebd0,permanent,Açaí,
925,2019-01-01,df2cd1cbe849ebd0,permanent,Others,
926,2019-01-01,df2cd1cbe849ebd0,permanent,Palm oil,
927,2019-01-01,df2cd1cbe849ebd0,temporary,Beans,
928,2019-01-01,df2cd1cbe849ebd0,temporary,Cassava,
929,2019-01-01,df2cd1cbe849ebd0,temporary,Corn,
930,2019-01-01,e635f6b0f8a98808,pasture,Livestock,
931,2019-01-01,e635f6b0f8a98808,permanent,Cocoa,
932,2019-01-01,e635f6b0f8a98808,permanent,Others,
933,2019-01-01,e635f6b0f8a98808,temporary,Beans,
934,2019-01-01,e635f6b0f8a98808,temporary,Cassava,
935,2019-01-01,e635f6b0f8a98808,temporary,Corn,
936,2019-01-01,e635f6b0f8a98808,temporary,Others,
937,2019-01-01,e635f6b0f8a98808,temporary,Rice,
938,2019-01-01,eac302b92f87d9ca,pasture,Livestock,
939,2019-01-01,eac302b92f87d9ca,permanent,Açaí,
940,2019-01-01,eac302b92f87d9ca,permanent,Cocoa,
941,2019-01-01,eac302b92f87d9ca,permanent,Others,
942,2019-01-01,eac302b92f87d9ca,temporary,Beans,
943,2019-01-01,eac302b92f87d9ca,temporary,Cassava,
944,2019-01-01,eac302b92f87d9ca,temporary,Corn,
945,2019-01-01,eac302b92f87d9ca,temporary,Others,
946,2019-01-01,eac302b92f87d9ca,temporary,Rice,
947,2019-01-01,ec84c1e86735dc9b,pasture,Livestock,
948,2019-01-01,ec84c1e86735dc9b,permanent,Açaí,
949,2019-01-01,ec84c1e86735dc9b,permanent,Others,
950,2019-01-01,ec84c1e86735dc9b,temporary,Beans,
951,2019-01-01,ec84c1e86735dc9b,temporary,Cassava,
952,2019-01-01,ec84c1e86735dc9b,temporary,Corn,
953,2019-01-01,ec84c1e86735dc9b,temporary,Others,
954,2019-01-01,ec84c1e86735dc9b,temporary,Rice,
955,2019-01-01,f1fd357c5adaa8dc,pasture,Livestock,
956,2019-01-01,f1fd357c5adaa8dc,permanent,Açaí,
957,2019-01-01,f1fd357c5adaa8dc,permanent,Cocoa,
958,2019-01-01,f1fd357c5adaa8dc,permanent,Others,
959,2019-01-01,f1fd357c5adaa8dc,temporary,Beans,
960,2019-01-01,f1fd357c5adaa8dc,temporary,Cassava,
961,2019-01-01,f1fd357c5adaa8dc,temporary,Corn,
962,2019-01-01,f1fd357c5adaa8dc,temporary,Rice,
963,2019-01-01,f39d21744916469c,pasture,Livestock,
964,2019-01-01,f39d21744916469c,permanent,Açaí,
965,2019-01-01,f39d21744916469c,permanent,Others,
966,2019-01-01,f39d21744916469c,temporary,Cassava,
967,2019-01-01,f39d21744916469c,temporary,Corn,
968,2019-01-01,f3c2cc112eb0e6fe,pasture,Livestock,
969,2019-01-01,f3c2cc112eb0e6fe,permanent,Others,
970,2019-01-01,f3c2cc112eb0e6fe,temporary,Beans,
971,2019-01-01,f3c2cc112eb0e6fe,temporary,Cassava,
972,2019-01-01,f3c2cc112eb0e6fe,temporary,Corn,
973,2019-01-01,f3c2cc112eb0e6fe,temporary,Rice,
974,2019-01-01,f4612b8b5a8223b5,pasture,Livestock,
975,2019-01-01,f4612b8b5a8223b5,permanent,Others,
976,2019-01-01,f4612b8b5a8223b5,temporary,Beans,
977,2019-01-01,f4612b8b5a8223b5,temporary,Cassava,
978,2019-01-01,f4612b8b5a8223b5,temporary,Corn,
979,2019-01-01,f67358b81451a8d1,pasture,Livestock,
980,2019-01-01,f67358b81451a8d1,permanent,Açaí,
981,2019-01-01,f67358b81451a8d1,permanent,Others,
982,2019-01-01,f67358b81451a8d1,temporary,Cassava,
983,2019-01-01,f67358b81451a8d1,temporary,Others,
984,2019-01-01,f8e70145d73bd728,pasture,Livestock,
985,2019-01-01,f8e70145d73bd728,permanent,Açaí,
986,2019-01-01,f8e70145d73bd728,permanent,Others,
987,2019-01-01,f8e70145d73bd728,temporary,Cassava,
988,2019-01-01,f8e70145d73bd728,temporary,Others,
989,2019-01-01,fa005e1ffef6032a,pasture,Livestock,
990,2019-01-01,fa005e1ffef6032a,permanent,Açaí,
991,2019-01-01,fa005e1ffef6032a,permanent,Others,
992,2019-01-01,fa005e1ffef6032a,temporary,Cassava,
993,2019-01-01,fa005e1ffef6032a,temporary,Corn,
994,2019-01-01,fa005e1ffef6032a,temporary,Others,
995,2019-01-01,fae378a53734da72,pasture,Livestock,
996,2019-01-01,fae378a53734da72,permanent,Cocoa,
997,2019-01-01,fae378a53734da72,permanent,Others,
998,2019-01-01,fae378a53734da72,temporary,Beans,
999,2019-01-01,fae378a53734da72,temporary,Cassava,
1000,2019-01-01,fae378a53734da72,temporary,Corn,
1001,2019-01-01,fae378a53734da72,temporary,Others,
1002,2019-01-01,fae378a53734da72,temporary,Rice,
1003,2019-01-01,fda49275fbf5caf6,pasture,Livestock,
1004,2019-01-01,fda49275fbf5caf6,permanent,Açaí,
1005,2019-01-01,fda49275fbf5caf6,permanent,Cocoa,
1006,2019-01-01,fda49275fbf5caf6,permanent,Others,
1007,2019-01-01,fda49275fbf5caf6,temporary,Beans,
1008,2019-01-01,fda49275fbf5caf6,temporary,Cassava,
1009,2019-01-01,fda49275fbf5caf6,temporary,Corn,
